NAICS,Demand for,Demand met In-region,% Demand met In-region,Demand met by Imports,% Demand met by Imports,Total Demand
901199,"Federal Government, Civilian, Excluding Postal Service",$0,0.0%,"$470,671,534",100.0%,"$470,671,534"
902999,"State Government, Excluding Education and Hospitals","$96,441,429",32.2%,"$202,784,149",67.8%,"$299,225,578"
903999,"Local Government, Excluding Education and Hospitals","$67,635,600",49.0%,"$70,531,299",51.0%,"$138,166,899"
901200,"Federal Government, Military",$0,0.0%,"$128,518,062",100.0%,"$128,518,062"
903611,Elementary and Secondary Schools (Local Government),"$126,805,456",100.0%,$0,0.0%,"$126,805,456"
622110,General Medical and Surgical Hospitals,"$13,336,595",11.1%,"$106,642,138",88.9%,"$119,978,733"
621111,Offices of Physicians (except Mental Health Specialists),"$59,534,394",86.3%,"$9,437,802",13.7%,"$68,972,196"
523940,Portfolio Management and Investment Advice,"$2,022,538",3.6%,"$54,892,842",96.4%,"$56,915,380"
722513,Limited-Service Restaurants,"$11,291,362",20.6%,"$43,479,341",79.4%,"$54,770,703"
522110,Commercial Banking,"$170,399",0.3%,"$53,093,846",99.7%,"$53,264,245"
722511,Full-Service Restaurants,"$3,550,039",7.0%,"$46,993,325",93.0%,"$50,543,363"
551114,"Corporate, Subsidiary, and Regional Managing Offices","$1,581,913",3.1%,"$48,914,508",96.9%,"$50,496,422"
324110,Petroleum Refineries,"$60,677",0.1%,"$42,618,303",99.9%,"$42,678,980"
513210,Software Publishers,"$225,416",0.5%,"$41,642,268",99.5%,"$41,867,684"
531110,Lessors of Residential Buildings and Dwellings,"$14,759,904",39.8%,"$22,291,797",60.2%,"$37,051,701"
441110,New Car Dealers,"$208,817",0.6%,"$33,158,182",99.4%,"$33,366,999"
336110,Automobile and Light Duty Motor Vehicle Manufacturing,"$4,968",0.0%,"$31,736,893",100.0%,"$31,741,861"
518210,"Computing Infrastructure Providers, Data Processing, Web Hosting, and Related Services","$981,992",3.1%,"$30,391,843",96.9%,"$31,373,835"
531210,Offices of Real Estate Agents and Brokers,"$8,960,177",28.6%,"$22,363,159",71.4%,"$31,323,337"
517111,Wired Telecommunications Carriers,"$6,080,266",19.4%,"$25,192,320",80.6%,"$31,272,586"
238220,"Plumbing, Heating, and Air-Conditioning Contractors","$29,730,799",96.5%,"$1,067,473",3.5%,"$30,798,271"
524126,Direct Property and Casualty Insurance Carriers,"$960,562",3.2%,"$28,733,596",96.8%,"$29,694,158"
541110,Offices of Lawyers,"$190,164",0.6%,"$29,339,973",99.4%,"$29,530,136"
445110,Supermarkets and Other Grocery (except Convenience) Stores,"$2,249,044",7.8%,"$26,615,287",92.2%,"$28,864,330"
721110,Hotels (except Casino Hotels) and Motels,"$380,482",1.4%,"$27,157,164",98.6%,"$27,537,646"
238210,Electrical Contractors and Other Wiring Installation Contractors,"$4,930,082",18.0%,"$22,497,728",82.0%,"$27,427,810"
611310,"Colleges, Universities, and Professional Schools","$13,710",0.1%,"$26,602,428",99.9%,"$26,616,137"
524114,Direct Health and Medical Insurance Carriers,"$185,027",0.7%,"$26,290,798",99.3%,"$26,475,825"
903622,Hospitals (Local Government),"$1,914,813",7.2%,"$24,550,794",92.8%,"$26,465,607"
111000,Crop Production,"$8,448,740",32.1%,"$17,857,230",67.9%,"$26,305,970"
516210,"Media Streaming Distribution Services, Social Networks, and Other Media Networks and Content Providers","$237,869",0.9%,"$25,909,339",99.1%,"$26,147,207"
541512,Computer Systems Design Services,"$778,411",3.0%,"$25,025,570",97.0%,"$25,803,981"
531120,Lessors of Nonresidential Buildings (except Miniwarehouses),"$945,173",3.7%,"$24,801,822",96.3%,"$25,746,995"
481111,Scheduled Passenger Air Transportation,"$8,536",0.0%,"$25,286,892",100.0%,"$25,295,428"
424210,Drugs and Druggists' Sundries Merchant Wholesalers,"$24,779",0.1%,"$25,101,596",99.9%,"$25,126,375"
221122,Electric Power Distribution,"$1,282,786",5.3%,"$22,714,343",94.7%,"$23,997,129"
541511,Custom Computer Programming Services,"$1,666,719",7.0%,"$22,286,577",93.0%,"$23,953,295"
531390,Other Activities Related to Real Estate,"$22,914",0.1%,"$23,232,600",99.9%,"$23,255,514"
517112,Wireless Telecommunications Carriers (except Satellite),"$473,724",2.1%,"$22,231,329",97.9%,"$22,705,052"
541715,"Research and Development in the Physical, Engineering, and Life Sciences (except Nanotechnology and Biotechnology)","$58,978",0.3%,"$22,217,180",99.7%,"$22,276,158"
455211,Warehouse Clubs and Supercenters,"$1,840,283",8.3%,"$20,249,150",91.7%,"$22,089,433"
236220,Commercial and Institutional Building Construction,"$7,489,754",34.3%,"$14,316,391",65.7%,"$21,806,146"
325412,Pharmaceutical Preparation Manufacturing,"$27,844",0.1%,"$21,492,640",99.9%,"$21,520,485"
541330,Engineering Services,"$2,023,964",10.9%,"$16,625,019",89.1%,"$18,648,983"
561320,Temporary Help Services,"$2,383,713",13.0%,"$15,983,470",87.0%,"$18,367,183"
621210,Offices of Dentists,"$17,980,842",99.8%,"$29,620",0.2%,"$18,010,462"
623110,Nursing Care Facilities (Skilled Nursing Facilities),"$6,687,394",38.8%,"$10,549,348",61.2%,"$17,236,742"
457110,Gasoline Stations with Convenience Stores,"$3,303,327",19.5%,"$13,631,820",80.5%,"$16,935,147"
458110,Clothing and Clothing Accessories Retailers,"$544,367",3.3%,"$15,936,600",96.7%,"$16,480,967"
541714,Research and Development in Biotechnology (except Nanobiotechnology),"$13,683",0.1%,"$16,156,015",99.9%,"$16,169,697"
456110,Pharmacies and Drug Retailers,"$722,735",4.6%,"$14,927,960",95.4%,"$15,650,695"
525990,Other Financial Vehicles,"$2,009",0.0%,"$15,092,746",100.0%,"$15,094,755"
484121,"General Freight Trucking, Long-Distance, Truckload","$580,037",3.9%,"$14,454,629",96.1%,"$15,034,666"
523150,Investment Banking and Securities Intermediation,"$116,071",0.8%,"$14,749,050",99.2%,"$14,865,122"
541611,Administrative Management and General Management Consulting Services,"$358,294",2.4%,"$14,360,446",97.6%,"$14,718,740"
621610,Home Health Care Services,"$732,289",5.0%,"$13,861,147",95.0%,"$14,593,436"
236118,Residential Remodelers,"$3,075,872",22.7%,"$10,487,736",77.3%,"$13,563,608"
531311,Residential Property Managers,"$6,265",0.0%,"$13,448,839",100.0%,"$13,455,104"
493110,General Warehousing and Storage,"$88,217",0.7%,"$13,344,630",99.3%,"$13,432,847"
238910,Site Preparation Contractors,"$8,157,327",63.5%,"$4,687,111",36.5%,"$12,844,438"
238990,All Other Specialty Trade Contractors,"$12,458,704",98.9%,"$135,741",1.1%,"$12,594,445"
624120,Services for the Elderly and Persons with Disabilities,"$18,315",0.2%,"$12,132,468",99.8%,"$12,150,783"
424720,Petroleum and Petroleum Products Merchant Wholesalers (except Bulk Stations and Terminals),"$674,551",5.6%,"$11,392,464",94.4%,"$12,067,014"
533110,Lessors of Nonfinancial Intangible Assets (except Copyrighted Works),"$158,967",1.3%,"$11,618,635",98.7%,"$11,777,602"
811111,General Automotive Repair,"$11,081,970",98.2%,"$199,709",1.8%,"$11,281,679"
236115,New Single-Family Housing Construction (except For-Sale Builders),"$480,282",4.3%,"$10,799,544",95.7%,"$11,279,826"
444110,Home Centers,"$281,846",2.6%,"$10,730,482",97.4%,"$11,012,328"
455110,Department Stores,"$581,960",5.5%,"$10,074,781",94.5%,"$10,656,740"
524210,Insurance Agencies and Brokerages,"$2,431,911",22.9%,"$8,170,625",77.1%,"$10,602,535"
524113,Direct Life Insurance Carriers,"$189,931",1.8%,"$10,122,796",98.2%,"$10,312,728"
813110,Religious Organizations,"$10,089,262",99.7%,"$28,462",0.3%,"$10,117,725"
237310,"Highway, Street, and Bridge Construction","$9,264,008",94.2%,"$568,062",5.8%,"$9,832,071"
611110,Elementary and Secondary Schools,"$690,735",7.1%,"$9,029,192",92.9%,"$9,719,927"
449210,Electronics and Appliance Retailers,"$127,711",1.3%,"$9,477,487",98.7%,"$9,605,198"
423430,Computer and Computer Peripheral Equipment and Software Merchant Wholesalers,"$2,767",0.0%,"$9,486,291",100.0%,"$9,489,058"
531130,Lessors of Miniwarehouses and Self-Storage Units,"$6,017,033",64.5%,"$3,318,027",35.5%,"$9,335,060"
423610,"Electrical Apparatus and Equipment, Wiring Supplies, and Related Equipment Merchant Wholesalers","$39,499",0.4%,"$9,285,988",99.6%,"$9,325,487"
423450,"Medical, Dental, and Hospital Equipment and Supplies Merchant Wholesalers","$25,304",0.3%,"$9,125,436",99.7%,"$9,150,741"
519290,Web Search Portals and All Other Information Services,"$304,084",3.4%,"$8,660,201",96.6%,"$8,964,285"
624110,Child and Youth Services,"$1,546,781",17.3%,"$7,396,777",82.7%,"$8,943,558"
525920,"Trusts, Estates, and Agency Accounts","$89,582",1.0%,"$8,853,661",99.0%,"$8,943,244"
903612,"Colleges, Universities, and Professional Schools (Local Government)",$0,0.0%,"$8,640,673",100.0%,"$8,640,673"
221210,Natural Gas Distribution,"$11,647",0.1%,"$8,594,127",99.9%,"$8,605,774"
325199,All Other Basic Organic Chemical Manufacturing,$317,0.0%,"$8,442,695",100.0%,"$8,443,012"
221112,Fossil Fuel Electric Power Generation,"$142,579",1.7%,"$8,255,737",98.3%,"$8,398,316"
444180,Other Building Material Dealers,"$270,363",3.2%,"$8,098,217",96.8%,"$8,368,579"
326199,All Other Plastics Product Manufacturing,"$1,958",0.0%,"$8,342,971",100.0%,"$8,344,929"
902612,"Colleges, Universities, and Professional Schools (State Government)","$255,232",3.1%,"$8,022,527",96.9%,"$8,277,759"
541211,Offices of Certified Public Accountants,"$819,263",9.9%,"$7,453,479",90.1%,"$8,272,742"
812112,Beauty Salons,"$2,526,216",30.6%,"$5,724,037",69.4%,"$8,250,253"
624410,Child Care Services,"$2,519,778",30.8%,"$5,654,363",69.2%,"$8,174,141"
484110,"General Freight Trucking, Local","$673,292",8.3%,"$7,426,260",91.7%,"$8,099,552"
423690,Other Electronic Parts and Equipment Merchant Wholesalers,$739,0.0%,"$8,003,435",100.0%,"$8,004,174"
561730,Landscaping Services,"$7,245,232",91.6%,"$661,292",8.4%,"$7,906,523"
522292,Real Estate Credit,"$32,573",0.4%,"$7,651,409",99.6%,"$7,683,982"
621491,HMO Medical Centers,"$516,385",6.8%,"$7,132,206",93.2%,"$7,648,591"
561110,Office Administrative Services,"$113,243",1.5%,"$7,432,836",98.5%,"$7,546,079"
492110,Couriers and Express Delivery Services,"$2,205",0.0%,"$7,504,678",100.0%,"$7,506,883"
522130,Credit Unions,"$8,803",0.1%,"$7,477,236",99.9%,"$7,486,039"
455219,All Other General Merchandise Retailers,"$345,585",4.6%,"$7,137,477",95.4%,"$7,483,062"
425120,Wholesale Trade Agents and Brokers,"$321,278",4.4%,"$7,018,467",95.6%,"$7,339,745"
541940,Veterinary Services,"$4,684,918",64.4%,"$2,592,952",35.6%,"$7,277,871"
441330,Automotive Parts and Accessories Retailers,"$691,801",9.6%,"$6,500,738",90.4%,"$7,192,539"
561720,Janitorial Services,"$1,902,436",26.6%,"$5,245,479",73.4%,"$7,147,915"
459999,All Other Miscellaneous Retailers,"$10,085",0.1%,"$7,099,745",99.9%,"$7,109,831"
311612,Meat Processed from Carcasses,$314,0.0%,"$7,033,133",100.0%,"$7,033,447"
423830,Industrial Machinery and Equipment Merchant Wholesalers,"$109,509",1.6%,"$6,912,666",98.4%,"$7,022,174"
311615,Poultry Processing,$204,0.0%,"$6,940,150",100.0%,"$6,940,354"
531312,Nonresidential Property Managers,"$16,810",0.2%,"$6,892,386",99.8%,"$6,909,196"
237130,Power and Communication Line and Related Structures Construction,"$902,820",13.3%,"$5,874,640",86.7%,"$6,777,461"
311611,Animal (except Poultry) Slaughtering,$168,0.0%,"$6,697,002",100.0%,"$6,697,170"
238320,Painting and Wall Covering Contractors,"$6,540,223",98.6%,"$90,596",1.4%,"$6,630,819"
811121,"Automotive Body, Paint, and Interior Repair and Maintenance","$6,570,102",99.6%,"$27,188",0.4%,"$6,597,291"
238310,Drywall and Insulation Contractors,"$13,052",0.2%,"$6,528,585",99.8%,"$6,541,637"
512110,Motion Picture and Video Production,"$25,940",0.4%,"$6,429,128",99.6%,"$6,455,068"
541990,"All Other Professional, Scientific, and Technical Services","$221,440",3.4%,"$6,202,562",96.6%,"$6,424,002"
531190,Lessors of Other Real Estate Property,"$1,598,001",24.9%,"$4,818,324",75.1%,"$6,416,324"
522320,"Financial Transactions Processing, Reserve, and Clearinghouse Activities","$150,210",2.4%,"$6,192,928",97.6%,"$6,343,138"
622310,Specialty (except Psychiatric and Substance Abuse) Hospitals,"$1,415",0.0%,"$6,213,229",100.0%,"$6,214,644"
238160,Roofing Contractors,"$5,886,264",97.9%,"$129,053",2.1%,"$6,015,317"
441120,Used Car Dealers,"$146,561",2.4%,"$5,836,658",97.6%,"$5,983,219"
238110,Poured Concrete Foundation and Structure Contractors,"$5,802,078",97.7%,"$139,446",2.3%,"$5,941,524"
621498,All Other Outpatient Care Centers,"$133,660",2.3%,"$5,732,937",97.7%,"$5,866,597"
811310,Commercial and Industrial Machinery and Equipment (except Automotive and Electronic) Repair and Maintenance,"$1,184,099",20.2%,"$4,663,993",79.8%,"$5,848,091"
424690,Other Chemical and Allied Products Merchant Wholesalers,$910,0.0%,"$5,815,569",100.0%,"$5,816,479"
484122,"General Freight Trucking, Long-Distance, Less Than Truckload","$420,357",7.3%,"$5,363,738",92.7%,"$5,784,095"
812990,All Other Personal Services,"$180,052",3.1%,"$5,602,562",96.9%,"$5,782,614"
711211,Sports Teams and Clubs,"$321,478",5.6%,"$5,421,299",94.4%,"$5,742,777"
238350,Finish Carpentry Contractors,"$4,719,175",82.6%,"$995,500",17.4%,"$5,714,676"
112000,Animal Production,"$70,719",1.2%,"$5,593,928",98.8%,"$5,664,647"
902622,Hospitals (State Government),$0,0.0%,"$5,590,792",100.0%,"$5,590,792"
336411,Aircraft Manufacturing,"$4,055",0.1%,"$5,582,815",99.9%,"$5,586,870"
621511,Medical Laboratories,"$583,330",10.5%,"$4,976,737",89.5%,"$5,560,068"
325320,Pesticide and Other Agricultural Chemical Manufacturing,"$5,290,829",97.7%,"$124,177",2.3%,"$5,415,007"
424490,Other Grocery and Related Products Merchant Wholesalers,"$18,253",0.3%,"$5,384,930",99.7%,"$5,403,184"
424710,Petroleum Bulk Stations and Terminals,"$1,138,139",21.1%,"$4,252,595",78.9%,"$5,390,734"
482110,Rail transportation,"$53,290",1.0%,"$5,334,329",99.0%,"$5,387,619"
901149,US Postal Service,"$5,258,158",98.4%,"$87,097",1.6%,"$5,345,255"
424410,General Line Grocery Merchant Wholesalers,"$6,712",0.1%,"$5,317,976",99.9%,"$5,324,687"
532412,"Construction, Mining, and Forestry Machinery and Equipment Rental and Leasing","$291,973",5.5%,"$4,996,981",94.5%,"$5,288,954"
237110,Water and Sewer Line and Related Structures Construction,"$2,591,825",49.6%,"$2,631,175",50.4%,"$5,223,000"
211120,Crude Petroleum Extraction,"$40,212",0.8%,"$5,171,636",99.2%,"$5,211,848"
213112,Support Activities for Oil and Gas Operations,"$3,847",0.1%,"$5,205,404",99.9%,"$5,209,252"
621420,Outpatient Mental Health and Substance Abuse Centers,"$1,138,790",21.9%,"$4,061,429",78.1%,"$5,200,218"
722310,Food Service Contractors,"$1,070,599",20.8%,"$4,086,180",79.2%,"$5,156,779"
721120,Casino Hotels,"$3,632",0.1%,"$5,119,829",99.9%,"$5,123,462"
713940,Fitness and Recreational Sports Centers,"$916,706",17.9%,"$4,199,783",82.1%,"$5,116,489"
621340,"Offices of Physical, Occupational and Speech Therapists, and Audiologists","$2,231,338",43.6%,"$2,884,688",56.4%,"$5,116,026"
713910,Golf Courses and Country Clubs,"$11,295",0.2%,"$4,987,697",99.8%,"$4,998,993"
312230,Tobacco Manufacturing,"$40,245",0.8%,"$4,929,923",99.2%,"$4,970,168"
624190,Other Individual and Family Services,"$721,429",14.5%,"$4,246,628",85.5%,"$4,968,057"
532120,"Truck, Utility Trailer, and RV (Recreational Vehicle) Rental and Leasing","$4,897,458",98.9%,"$55,664",1.1%,"$4,953,122"
424990,Other Miscellaneous Nondurable Goods Merchant Wholesalers,"$23,878",0.5%,"$4,926,280",99.5%,"$4,950,158"
532111,Passenger Car Rental,"$51,791",1.1%,"$4,863,435",98.9%,"$4,915,226"
525910,Open-End Investment Funds,"$1,101",0.0%,"$4,910,058",100.0%,"$4,911,159"
423120,Motor Vehicle Supplies and New Parts Merchant Wholesalers,"$280,107",5.7%,"$4,599,516",94.3%,"$4,879,623"
311513,Cheese Manufacturing,$584,0.0%,"$4,871,774",100.0%,"$4,872,358"
623312,Assisted Living Facilities for the Elderly,"$4,428,208",90.9%,"$441,989",9.1%,"$4,870,197"
623311,Continuing Care Retirement Communities,"$1,600",0.0%,"$4,851,358",100.0%,"$4,852,958"
541810,Advertising Agencies,"$179,443",3.7%,"$4,616,674",96.3%,"$4,796,117"
485310,Taxi and Ridesharing Services,$341,0.0%,"$4,784,309",100.0%,"$4,784,650"
327320,Ready-Mix Concrete Manufacturing,"$287,133",6.0%,"$4,496,172",94.0%,"$4,783,305"
561330,Professional Employer Organizations,"$165,442",3.5%,"$4,523,264",96.5%,"$4,688,706"
336120,Heavy Duty Truck Manufacturing,$0,0.0%,"$4,684,875",100.0%,"$4,684,875"
238290,Other Building Equipment Contractors,"$112,518",2.4%,"$4,547,769",97.6%,"$4,660,286"
424820,Wine and Distilled Alcoholic Beverage Merchant Wholesalers,$62,0.0%,"$4,652,349",100.0%,"$4,652,410"
541613,Marketing Consulting Services,"$174,991",3.8%,"$4,425,835",96.2%,"$4,600,827"
221113,Nuclear Electric Power Generation,"$9,268",0.2%,"$4,574,660",99.8%,"$4,583,928"
325620,Toilet Preparation Manufacturing,"$10,319",0.2%,"$4,546,073",99.8%,"$4,556,392"
424910,Farm Supplies Merchant Wholesalers,"$61,569",1.4%,"$4,449,624",98.6%,"$4,511,193"
236210,Industrial Building Construction,"$198,365",4.4%,"$4,304,253",95.6%,"$4,502,619"
441340,Tire Dealers,"$663,693",14.8%,"$3,822,634",85.2%,"$4,486,328"
621330,Offices of Mental Health Practitioners (except Physicians),"$1,692,885",38.0%,"$2,767,404",62.0%,"$4,460,289"
722515,Snack and Nonalcoholic Beverage Bars,"$84,741",1.9%,"$4,362,991",98.1%,"$4,447,733"
424350,Clothing and Clothing Accessories Merchant Wholesalers,"$3,759",0.1%,"$4,423,974",99.9%,"$4,427,733"
449110,Furniture Retailers,"$59,706",1.4%,"$4,283,267",98.6%,"$4,342,973"
312120,Breweries,"$268,489",6.3%,"$4,016,034",93.7%,"$4,284,524"
423110,Automobile and Other Motor Vehicle Merchant Wholesalers,"$2,879",0.1%,"$4,266,588",99.9%,"$4,269,467"
237990,Other Heavy and Civil Engineering Construction,"$2,219,696",52.0%,"$2,045,113",48.0%,"$4,264,809"
532490,Other Commercial and Industrial Machinery and Equipment Rental and Leasing,"$3,848,233",90.9%,"$387,146",9.1%,"$4,235,378"
561612,Security Guards and Patrol Services,$996,0.0%,"$4,208,451",100.0%,"$4,209,447"
459110,Sporting Goods Retailers,"$131,594",3.1%,"$4,046,035",96.9%,"$4,177,629"
484220,"Specialized Freight (except Used Goods) Trucking, Local",$785,0.0%,"$4,158,616",100.0%,"$4,159,401"
115115,Farm Labor Contractors and Crew Leaders,"$910,400",21.9%,"$3,241,433",78.1%,"$4,151,833"
523910,Miscellaneous Intermediation,"$195,375",4.8%,"$3,907,759",95.2%,"$4,103,135"
541690,Other Scientific and Technical Consulting Services,"$14,876",0.4%,"$4,078,690",99.6%,"$4,093,566"
623210,Residential Intellectual and Developmental Disability Facilities,$980,0.0%,"$4,073,926",100.0%,"$4,074,906"
311511,Fluid Milk Manufacturing,$255,0.0%,"$4,011,987",100.0%,"$4,012,242"
312111,Soft Drink Manufacturing,"$35,673",0.9%,"$3,969,887",99.1%,"$4,005,560"
562111,Solid Waste Collection,"$2,398,485",60.0%,"$1,596,812",40.0%,"$3,995,297"
323111,Commercial Printing (except Screen and Books),"$21,272",0.5%,"$3,973,047",99.5%,"$3,994,319"
458310,Jewelry Retailers,"$103,764",2.6%,"$3,885,043",97.4%,"$3,988,807"
237120,Oil and Gas Pipeline and Related Structures Construction,"$163,887",4.1%,"$3,822,823",95.9%,"$3,986,710"
611710,Educational Support Services,"$87,018",2.3%,"$3,694,069",97.7%,"$3,781,087"
541219,Other Accounting Services,"$400,896",10.6%,"$3,374,386",89.4%,"$3,775,282"
621493,Freestanding Ambulatory Surgical and Emergency Centers,"$528,473",14.1%,"$3,231,621",85.9%,"$3,760,093"
488510,Freight Transportation Arrangement,"$12,916",0.3%,"$3,738,331",99.7%,"$3,751,247"
711510,"Independent Artists, Writers, and Performers","$95,536",2.6%,"$3,600,597",97.4%,"$3,696,133"
621399,Offices of All Other Miscellaneous Health Practitioners,"$185,039",5.1%,"$3,471,973",94.9%,"$3,657,013"
311812,Commercial Bakeries,$206,0.0%,"$3,649,337",100.0%,"$3,649,543"
522299,"International, Secondary Market, and All Other Nondepository Credit Intermediation","$51,084",1.4%,"$3,592,978",98.6%,"$3,644,063"
524127,Direct Title Insurance Carriers,"$179,259",5.0%,"$3,434,041",95.0%,"$3,613,300"
522220,Sales Financing,"$120,515",3.4%,"$3,413,415",96.6%,"$3,533,930"
424810,Beer and Ale Merchant Wholesalers,"$1,600",0.0%,"$3,532,322",100.0%,"$3,533,922"
423990,Other Miscellaneous Durable Goods Merchant Wholesalers,"$23,370",0.7%,"$3,498,215",99.3%,"$3,521,585"
311111,Dog and Cat Food Manufacturing,"$4,126",0.1%,"$3,512,377",99.9%,"$3,516,503"
522310,Mortgage and Nonmortgage Loan Brokers,"$145,299",4.1%,"$3,370,240",95.9%,"$3,515,539"
513130,Book Publishers,"$3,974",0.1%,"$3,484,903",99.9%,"$3,488,877"
485320,Limousine Service,$31,0.0%,"$3,481,364",100.0%,"$3,481,396"
459510,Used Merchandise Retailers,"$216,160",6.2%,"$3,264,823",93.8%,"$3,480,982"
517810,All Other Telecommunications,"$85,316",2.5%,"$3,386,119",97.5%,"$3,471,435"
814110,Private Households,"$41,020",1.2%,"$3,418,195",98.8%,"$3,459,215"
238140,Masonry Contractors,"$3,341,316",97.3%,"$91,920",2.7%,"$3,433,236"
457210,Fuel Dealers,"$3,414,500",99.7%,"$10,794",0.3%,"$3,425,294"
339112,Surgical and Medical Instrument Manufacturing,"$1,996",0.1%,"$3,395,881",99.9%,"$3,397,877"
334413,Semiconductor and Related Device Manufacturing,$96,0.0%,"$3,364,955",100.0%,"$3,365,051"
561210,Facilities Support Services,$20,0.0%,"$3,340,184",100.0%,"$3,340,204"
713110,Amusement and Theme Parks,"$54,854",1.7%,"$3,250,785",98.3%,"$3,305,639"
221121,Electric Bulk Power Transmission and Control,"$3,001",0.1%,"$3,299,290",99.9%,"$3,302,290"
522291,Consumer Lending,"$30,906",0.9%,"$3,257,558",99.1%,"$3,288,465"
444140,Hardware Retailers,"$164,124",5.0%,"$3,123,250",95.0%,"$3,287,374"
713290,Other Gambling Industries,"$70,346",2.1%,"$3,215,818",97.9%,"$3,286,163"
311919,Other Snack Food Manufacturing,"$22,845",0.7%,"$3,244,158",99.3%,"$3,267,002"
812113,Nail Salons,"$228,946",7.0%,"$3,034,882",93.0%,"$3,263,828"
456120,"Cosmetics, Beauty Supplies, and Perfume Retailers","$4,523",0.1%,"$3,238,510",99.9%,"$3,243,033"
541310,Architectural Services,"$76,815",2.4%,"$3,096,844",97.6%,"$3,173,659"
339113,Surgical Appliance and Supplies Manufacturing,"$3,039",0.1%,"$3,064,175",99.9%,"$3,067,214"
333415,Air-Conditioning and Warm Air Heating Equipment and Commercial and Industrial Refrigeration Equipment Manufacturing,"$3,488",0.1%,"$3,036,866",99.9%,"$3,040,355"
459991,"Tobacco, Electronic Cigarette, and Other Smoking Supplies Retailers","$262,873",8.6%,"$2,777,113",91.4%,"$3,039,986"
238330,Flooring Contractors,"$700,503",23.1%,"$2,334,410",76.9%,"$3,034,913"
623220,Residential Mental Health and Substance Abuse Facilities,"$2,980,141",99.6%,"$12,610",0.4%,"$2,992,751"
423510,Metal Service Centers and Other Metal Merchant Wholesalers,"$400,961",13.5%,"$2,569,525",86.5%,"$2,970,486"
522180,Savings Institutions and Other Depository Credit Intermediation,"$1,649,836",55.9%,"$1,299,080",44.1%,"$2,948,916"
332312,Fabricated Structural Metal Manufacturing,"$7,993",0.3%,"$2,926,513",99.7%,"$2,934,505"
813910,Business Associations,"$1,727,216",59.0%,"$1,199,510",41.0%,"$2,926,726"
811192,Car Washes,"$2,785,849",95.3%,"$136,335",4.7%,"$2,922,184"
445132,Vending Machine Operators,"$88,552",3.0%,"$2,833,513",97.0%,"$2,922,065"
458210,Shoe Retailers,"$29,196",1.0%,"$2,886,510",99.0%,"$2,915,706"
711310,"Promoters of Performing Arts, Sports, and Similar Events with Facilities","$2,886",0.1%,"$2,911,930",99.9%,"$2,914,816"
333120,Construction Machinery Manufacturing,"$3,390",0.1%,"$2,908,581",99.9%,"$2,911,971"
713990,All Other Amusement and Recreation Industries,"$1,021,092",35.1%,"$1,884,287",64.9%,"$2,905,379"
522390,Other Activities Related to Credit Intermediation,"$122,337",4.2%,"$2,776,835",95.8%,"$2,899,172"
336390,Other Motor Vehicle Parts Manufacturing,"$4,151",0.1%,"$2,884,254",99.9%,"$2,888,405"
334510,Electromedical and Electrotherapeutic Apparatus Manufacturing,"$8,430",0.3%,"$2,848,028",99.7%,"$2,856,458"
524130,Reinsurance Carriers,"$17,327",0.6%,"$2,802,708",99.4%,"$2,820,035"
541214,Payroll Services,"$28,383",1.0%,"$2,773,646",99.0%,"$2,802,028"
481211,Nonscheduled Chartered Passenger Air Transportation,$157,0.0%,"$2,801,666",100.0%,"$2,801,823"
236117,New Housing For-Sale Builders,"$999,318",36.0%,"$1,776,756",64.0%,"$2,776,074"
444240,"Nursery, Garden Center, and Farm Supply Retailers","$784,722",28.3%,"$1,985,312",71.7%,"$2,770,034"
522210,Credit Card Issuing,"$19,321",0.7%,"$2,731,820",99.3%,"$2,751,140"
424130,Industrial and Personal Service Paper Merchant Wholesalers,"$38,700",1.4%,"$2,710,910",98.6%,"$2,749,610"
484230,"Specialized Freight (except Used Goods) Trucking, Long-Distance","$1,207",0.0%,"$2,718,861",100.0%,"$2,720,068"
812199,Other Personal Care Services,"$105,055",3.9%,"$2,608,747",96.1%,"$2,713,803"
621492,Kidney Dialysis Centers,"$174,050",6.5%,"$2,510,583",93.5%,"$2,684,633"
423720,Plumbing and Heating Equipment and Supplies (Hydronics) Merchant Wholesalers,"$1,406",0.1%,"$2,682,984",99.9%,"$2,684,390"
621910,Ambulance Services,"$113,929",4.3%,"$2,560,821",95.7%,"$2,674,750"
325311,Nitrogenous Fertilizer Manufacturing,"$546,084",20.9%,"$2,069,298",79.1%,"$2,615,383"
541519,Other Computer Related Services,"$358,270",13.9%,"$2,212,772",86.1%,"$2,571,041"
813319,Other Social Advocacy Organizations,"$1,521,296",59.5%,"$1,033,717",40.5%,"$2,555,013"
335910,Battery Manufacturing,"$1,616",0.1%,"$2,549,677",99.9%,"$2,551,293"
332322,Sheet Metal Work Manufacturing,$957,0.0%,"$2,538,783",100.0%,"$2,539,740"
813410,Civic and Social Organizations,"$990,273",39.5%,"$1,516,750",60.5%,"$2,507,023"
322211,Corrugated and Solid Fiber Box Manufacturing,"$61,597",2.5%,"$2,425,906",97.5%,"$2,487,503"
311412,Frozen Specialty Food Manufacturing,$394,0.0%,"$2,475,076",100.0%,"$2,475,470"
459420,"Gift, Novelty, and Souvenir Retailers","$28,134",1.2%,"$2,417,943",98.8%,"$2,446,076"
711410,"Agents and Managers for Artists, Athletes, Entertainers, and Other Public Figures","$122,750",5.0%,"$2,321,665",95.0%,"$2,444,415"
621999,All Other Miscellaneous Ambulatory Health Care Services,"$74,114",3.0%,"$2,359,495",97.0%,"$2,433,609"
312130,Wineries,"$18,272",0.8%,"$2,401,405",99.2%,"$2,419,678"
445131,Convenience Retailers,"$276,553",11.4%,"$2,141,097",88.6%,"$2,417,650"
562910,Remediation Services,"$458,240",19.0%,"$1,957,494",81.0%,"$2,415,734"
423310,"Lumber, Plywood, Millwork, and Wood Panel Merchant Wholesalers","$127,824",5.3%,"$2,282,251",94.7%,"$2,410,075"
456199,All Other Health and Personal Care Retailers,"$640,813",26.7%,"$1,761,442",73.3%,"$2,402,255"
457120,Other Gasoline Stations,"$146,702",6.1%,"$2,244,052",93.9%,"$2,390,755"
336310,Motor Vehicle Gasoline Engine and Engine Parts Manufacturing,"$10,137",0.4%,"$2,371,246",99.6%,"$2,381,383"
525110,Pension Funds,"$26,440",1.1%,"$2,352,226",98.9%,"$2,378,666"
622210,Psychiatric and Substance Abuse Hospitals,"$45,531",1.9%,"$2,327,510",98.1%,"$2,373,042"
312140,Distilleries,"$164,544",6.9%,"$2,206,628",93.1%,"$2,371,172"
813211,Grantmaking Foundations,"$21,676",0.9%,"$2,331,995",99.1%,"$2,353,671"
713210,Casinos (except Casino Hotels),$404,0.0%,"$2,335,299",100.0%,"$2,335,704"
561510,Travel Agencies,"$233,950",10.1%,"$2,093,547",89.9%,"$2,327,498"
722410,Drinking Places (Alcoholic Beverages),"$172,490",7.4%,"$2,154,829",92.6%,"$2,327,318"
812210,Funeral Homes and Funeral Services,"$2,323,822",99.9%,"$3,341",0.1%,"$2,327,163"
561311,Employment Placement Agencies,"$88,895",3.8%,"$2,230,574",96.2%,"$2,319,470"
459910,Pet and Pet Supplies Retailers,"$66,322",2.9%,"$2,248,453",97.1%,"$2,314,775"
221310,Water Supply and Irrigation Systems,"$1,212",0.1%,"$2,302,759",99.9%,"$2,303,971"
813920,Professional Organizations,"$829,298",36.4%,"$1,448,287",63.6%,"$2,277,585"
336350,Motor Vehicle Transmission and Power Train Parts Manufacturing,"$9,468",0.4%,"$2,263,968",99.6%,"$2,273,436"
238390,Other Building Finishing Contractors,"$157,166",6.9%,"$2,107,992",93.1%,"$2,265,158"
423730,Warm Air Heating and Air-Conditioning Equipment and Supplies Merchant Wholesalers,$899,0.0%,"$2,247,923",100.0%,"$2,248,822"
325180,Other Basic Inorganic Chemical Manufacturing,"$9,461",0.4%,"$2,220,941",99.6%,"$2,230,401"
321113,Sawmills,"$97,706",4.4%,"$2,132,064",95.6%,"$2,229,770"
621112,"Offices of Physicians, Mental Health Specialists","$112,735",5.1%,"$2,115,154",94.9%,"$2,227,890"
311421,Fruit and Vegetable Canning,$515,0.0%,"$2,206,584",100.0%,"$2,207,099"
621512,Diagnostic Imaging Centers,"$26,692",1.2%,"$2,164,762",98.8%,"$2,191,455"
333111,Farm Machinery and Equipment Manufacturing,"$1,436",0.1%,"$2,182,343",99.9%,"$2,183,779"
311514,"Dry, Condensed, and Evaporated Dairy Product Manufacturing",$148,0.0%,"$2,181,102",100.0%,"$2,181,251"
311991,Perishable Prepared Food Manufacturing,"$19,900",0.9%,"$2,154,795",99.1%,"$2,174,695"
541380,Testing Laboratories and Services,"$19,232",0.9%,"$2,146,098",99.1%,"$2,165,330"
812910,Pet Care (except Veterinary) Services,"$18,671",0.9%,"$2,136,678",99.1%,"$2,155,349"
516120,Television Broadcasting Stations,"$9,602",0.4%,"$2,141,646",99.6%,"$2,151,248"
334511,"Search, Detection, Navigation, Guidance, Aeronautical, and Nautical System and Instrument Manufacturing",$709,0.0%,"$2,147,355",100.0%,"$2,148,064"
711320,"Promoters of Performing Arts, Sports, and Similar Events without Facilities","$27,781",1.3%,"$2,118,634",98.7%,"$2,146,415"
485410,School and Employee Bus Transportation,$184,0.0%,"$2,138,055",100.0%,"$2,138,239"
423810,Construction and Mining (except Oil Well) Machinery and Equipment Merchant Wholesalers,"$12,995",0.6%,"$2,102,564",99.4%,"$2,115,559"
445320,"Beer, Wine, and Liquor Retailers","$168,139",8.0%,"$1,943,656",92.0%,"$2,111,795"
449129,All Other Home Furnishings Retailers,"$125,187",5.9%,"$1,982,400",94.1%,"$2,107,588"
523999,Miscellaneous Financial Investment Activities,"$21,364",1.0%,"$2,079,695",99.0%,"$2,101,059"
492210,Local Messengers and Local Delivery,"$8,086",0.4%,"$2,077,332",99.6%,"$2,085,418"
441227,"Motorcycle, ATV, and All Other Motor Vehicle Dealers","$147,718",7.1%,"$1,927,506",92.9%,"$2,075,224"
238120,Structural Steel and Precast Concrete Contractors,"$255,306",12.3%,"$1,819,794",87.7%,"$2,075,100"
325611,Soap and Other Detergent Manufacturing,"$20,876",1.0%,"$2,052,350",99.0%,"$2,073,225"
551112,Offices of Other Holding Companies,"$33,709",1.6%,"$2,034,618",98.4%,"$2,068,327"
333310,Commercial and Service Industry Machinery Manufacturing,"$7,751",0.4%,"$2,053,363",99.6%,"$2,061,114"
335220,Major Household Appliance Manufacturing,"$3,197",0.2%,"$2,035,920",99.8%,"$2,039,117"
324121,Asphalt Paving Mixture and Block Manufacturing,"$3,144",0.2%,"$2,032,005",99.8%,"$2,035,148"
561990,All Other Support Services,"$222,181",10.9%,"$1,811,885",89.1%,"$2,034,066"
423840,Industrial Supplies Merchant Wholesalers,"$17,002",0.8%,"$2,006,867",99.2%,"$2,023,870"
324122,Asphalt Shingle and Coating Materials Manufacturing,$0,0.0%,"$1,999,668",100.0%,"$1,999,668"
238130,Framing Contractors,"$75,213",3.8%,"$1,923,149",96.2%,"$1,998,362"
712110,Museums,"$68,893",3.5%,"$1,922,110",96.5%,"$1,991,002"
561599,All Other Travel Arrangement and Reservation Services,"$12,907",0.7%,"$1,952,562",99.3%,"$1,965,469"
561422,Telemarketing Bureaus and Other Contact Centers,"$183,650",9.4%,"$1,779,306",90.6%,"$1,962,956"
423820,Farm and Garden Machinery and Equipment Merchant Wholesalers,"$14,804",0.8%,"$1,945,692",99.2%,"$1,960,496"
325413,In-Vitro Diagnostic Substance Manufacturing,"$13,376",0.7%,"$1,943,100",99.3%,"$1,956,475"
322120,Paper Mills,"$15,952",0.8%,"$1,936,198",99.2%,"$1,952,150"
325193,Ethyl Alcohol Manufacturing,$0,0.0%,"$1,935,745",100.0%,"$1,935,745"
517121,Telecommunications Resellers,"$15,644",0.8%,"$1,912,953",99.2%,"$1,928,596"
325510,Paint and Coating Manufacturing,"$15,296",0.8%,"$1,912,825",99.2%,"$1,928,121"
525120,Health and Welfare Funds,"$9,235",0.5%,"$1,910,197",99.5%,"$1,919,432"
624310,Vocational Rehabilitation Services,"$713,148",37.3%,"$1,198,173",62.7%,"$1,911,321"
331110,Iron and Steel Mills and Ferroalloy Manufacturing,"$9,548",0.5%,"$1,901,309",99.5%,"$1,910,858"
445298,All Other Specialty Food Retailers,"$5,445",0.3%,"$1,904,542",99.7%,"$1,909,987"
483211,Inland Water Freight Transportation,"$4,306",0.2%,"$1,888,633",99.8%,"$1,892,939"
325411,Medicinal and Botanical Manufacturing,"$5,763",0.3%,"$1,881,399",99.7%,"$1,887,161"
449121,Floor Covering Retailers,"$6,181",0.3%,"$1,879,275",99.7%,"$1,885,457"
541820,Public Relations Agencies,"$11,191",0.6%,"$1,869,877",99.4%,"$1,881,068"
513120,Periodical Publishers,"$962,052",51.3%,"$913,371",48.7%,"$1,875,423"
332710,Machine Shops,"$45,634",2.4%,"$1,817,471",97.6%,"$1,863,105"
513110,Newspaper Publishers,"$99,456",5.3%,"$1,761,210",94.7%,"$1,860,665"
459120,"Hobby, Toy, and Game Retailers","$11,602",0.6%,"$1,846,891",99.4%,"$1,858,493"
541618,Other Management Consulting Services,"$7,352",0.4%,"$1,844,459",99.6%,"$1,851,811"
611430,Professional and Management Development Training,"$161,975",8.8%,"$1,682,752",91.2%,"$1,844,727"
311999,All Other Miscellaneous Food Manufacturing,"$22,356",1.2%,"$1,816,708",98.8%,"$1,839,064"
423620,"Household Appliances, Electric Housewares, and Consumer Electronics Merchant Wholesalers",$593,0.0%,"$1,832,288",100.0%,"$1,832,880"
811210,Electronic and Precision Equipment Repair and Maintenance,"$325,122",17.8%,"$1,504,433",82.2%,"$1,829,555"
325211,Plastics Material and Resin Manufacturing,$186,0.0%,"$1,828,969",100.0%,"$1,829,155"
423710,Hardware Merchant Wholesalers,"$1,186",0.1%,"$1,826,967",99.9%,"$1,828,153"
424480,Fresh Fruit and Vegetable Merchant Wholesalers,"$63,785",3.5%,"$1,747,646",96.5%,"$1,811,431"
339999,All Other Miscellaneous Manufacturing,"$2,902",0.2%,"$1,802,781",99.8%,"$1,805,683"
334519,Other Measuring and Controlling Device Manufacturing,"$1,299",0.1%,"$1,799,686",99.9%,"$1,800,985"
513199,All Other Publishers,"$4,661",0.3%,"$1,794,685",99.7%,"$1,799,346"
488190,Other Support Activities for Air Transportation,"$3,947",0.2%,"$1,794,214",99.8%,"$1,798,161"
213111,Drilling Oil and Gas Wells,"$2,270",0.1%,"$1,792,896",99.9%,"$1,795,166"
423930,Recyclable Material Merchant Wholesalers,"$17,321",1.0%,"$1,762,325",99.0%,"$1,779,646"
722320,Caterers,"$102,322",5.8%,"$1,672,726",94.2%,"$1,775,049"
238150,Glass and Glazing Contractors,"$108,701",6.1%,"$1,666,183",93.9%,"$1,774,884"
238340,Tile and Terrazzo Contractors,"$235,025",13.3%,"$1,530,087",86.7%,"$1,765,112"
336214,Travel Trailer and Camper Manufacturing,"$15,662",0.9%,"$1,749,108",99.1%,"$1,764,770"
327390,Other Concrete Product Manufacturing,"$10,164",0.6%,"$1,750,662",99.4%,"$1,760,826"
623990,Other Residential Care Facilities,"$1,172,454",68.6%,"$536,676",31.4%,"$1,709,131"
326160,Plastics Bottle Manufacturing,"$20,078",1.2%,"$1,678,478",98.8%,"$1,698,557"
326211,Tire Manufacturing (except Retreading),"$1,774",0.1%,"$1,693,624",99.9%,"$1,695,399"
541614,"Process, Physical Distribution, and Logistics Consulting Services","$242,858",14.5%,"$1,436,191",85.5%,"$1,679,049"
321911,Wood Window and Door Manufacturing,"$32,725",2.0%,"$1,639,068",98.0%,"$1,671,793"
311942,Spice and Extract Manufacturing,"$5,597",0.3%,"$1,659,681",99.7%,"$1,665,278"
311224,Soybean and Other Oilseed Processing,"$1,402",0.1%,"$1,655,838",99.9%,"$1,657,240"
212321,Construction Sand and Gravel Mining,"$65,795",4.0%,"$1,585,059",96.0%,"$1,650,854"
221114,Solar Electric Power Generation,"$20,819",1.3%,"$1,628,866",98.7%,"$1,649,685"
541720,Research and Development in the Social Sciences and Humanities,"$700,080",42.5%,"$948,215",57.5%,"$1,648,295"
524292,Pharmacy Benefit Management and Other Third Party Administration of Insurance and Pension Funds,"$47,312",2.9%,"$1,598,861",97.1%,"$1,646,173"
561621,Security Systems Services (except Locksmiths),"$165,559",10.2%,"$1,457,819",89.8%,"$1,623,378"
115114,Postharvest Crop Activities (except Cotton Ginning),"$1,199,775",73.9%,"$423,323",26.1%,"$1,623,098"
311920,Coffee and Tea Manufacturing,"$16,148",1.0%,"$1,597,910",99.0%,"$1,614,058"
325312,Phosphatic Fertilizer Manufacturing,$0,0.0%,"$1,613,433",100.0%,"$1,613,433"
337110,Wood Kitchen Cabinet and Countertop Manufacturing,"$8,534",0.5%,"$1,599,002",99.5%,"$1,607,536"
325314,Fertilizer (Mixing Only) Manufacturing,"$1,494,233",93.9%,"$97,410",6.1%,"$1,591,643"
621320,Offices of Optometrists,"$1,190,513",74.9%,"$398,409",25.1%,"$1,588,922"
325414,Biological Product (except Diagnostic) Manufacturing,"$4,349",0.3%,"$1,570,386",99.7%,"$1,574,734"
813312,"Environment, Conservation and Wildlife Organizations","$87,130",5.6%,"$1,473,013",94.4%,"$1,560,143"
311811,Retail Bakeries,"$25,962",1.7%,"$1,528,186",98.3%,"$1,554,148"
211130,Natural Gas Extraction,"$2,615",0.2%,"$1,551,310",99.8%,"$1,553,925"
322130,Paperboard Mills,$0,0.0%,"$1,551,515",100.0%,"$1,551,515"
711130,Musical Groups and Artists,"$81,189",5.3%,"$1,464,508",94.7%,"$1,545,697"
523991,"Trust, Fiduciary, and Custody Activities","$50,572",3.3%,"$1,490,140",96.7%,"$1,540,712"
237210,Land Subdivision,"$1,374,987",89.3%,"$164,187",10.7%,"$1,539,174"
423910,Sporting and Recreational Goods and Supplies Merchant Wholesalers,"$57,992",3.8%,"$1,460,640",96.2%,"$1,518,631"
325612,Polish and Other Sanitation Good Manufacturing,"$14,040",0.9%,"$1,499,719",99.1%,"$1,513,759"
813990,"Other Similar Organizations (except Business, Professional, Labor, and Political Organizations)","$142,687",9.5%,"$1,360,187",90.5%,"$1,502,873"
541513,Computer Facilities Management Services,"$23,194",1.6%,"$1,461,139",98.4%,"$1,484,333"
236116,New Multifamily Housing Construction (except For-Sale Builders),"$11,592",0.8%,"$1,466,293",99.2%,"$1,477,886"
456130,Optical Goods Retailers,"$3,423",0.2%,"$1,469,507",99.8%,"$1,472,930"
336320,Motor Vehicle Electrical and Electronic Equipment Manufacturing,"$13,967",1.0%,"$1,445,237",99.0%,"$1,459,204"
541620,Environmental Consulting Services,"$209,173",14.4%,"$1,247,024",85.6%,"$1,456,197"
813930,Labor Unions and Similar Labor Organizations,"$965,541",66.7%,"$482,371",33.3%,"$1,447,912"
332321,Metal Window and Door Manufacturing,$599,0.0%,"$1,430,136",100.0%,"$1,430,735"
321920,Wood Container and Pallet Manufacturing,"$13,760",1.0%,"$1,415,384",99.0%,"$1,429,144"
424510,Grain and Field Bean Merchant Wholesalers,"$6,663",0.5%,"$1,421,430",99.5%,"$1,428,094"
424610,Plastics Materials and Basic Forms and Shapes Merchant Wholesalers,$198,0.0%,"$1,422,575",100.0%,"$1,422,773"
321215,Engineered Wood Member Manufacturing,"$62,444",4.4%,"$1,358,287",95.6%,"$1,420,732"
311821,Cookie and Cracker Manufacturing,$552,0.0%,"$1,420,119",100.0%,"$1,420,670"
611620,Sports and Recreation Instruction,"$1,179,853",83.2%,"$238,359",16.8%,"$1,418,211"
541430,Graphic Design Services,"$64,631",4.6%,"$1,353,359",95.4%,"$1,417,990"
325998,All Other Miscellaneous Chemical Product and Preparation Manufacturing,"$4,681",0.3%,"$1,406,801",99.7%,"$1,411,482"
523160,Commodity Contracts Intermediation,"$7,850",0.6%,"$1,402,238",99.4%,"$1,410,087"
424930,"Flower, Nursery Stock, and Florists' Supplies Merchant Wholesalers","$42,368",3.0%,"$1,365,930",97.0%,"$1,408,299"
424450,Confectionery Merchant Wholesalers,"$5,262",0.4%,"$1,401,177",99.6%,"$1,406,438"
336211,Motor Vehicle Body Manufacturing,"$6,522",0.5%,"$1,397,176",99.5%,"$1,403,699"
441210,Recreational Vehicle Dealers,"$2,220",0.2%,"$1,390,891",99.8%,"$1,393,111"
332313,Plate Work Manufacturing,"$10,195",0.7%,"$1,379,579",99.3%,"$1,389,775"
621991,Blood and Organ Banks,"$616,874",44.4%,"$772,829",55.6%,"$1,389,703"
811191,Automotive Oil Change and Lubrication Shops,"$728,040",52.4%,"$660,443",47.6%,"$1,388,483"
621310,Offices of Chiropractors,"$453,636",32.7%,"$932,080",67.3%,"$1,385,716"
532289,All Other Consumer Goods Rental,"$45,060",3.3%,"$1,328,732",96.7%,"$1,373,792"
483112,Deep Sea Passenger Transportation,$11,0.0%,"$1,373,750",100.0%,"$1,373,760"
238190,"Other Foundation, Structure, and Building Exterior Contractors","$95,075",6.9%,"$1,277,136",93.1%,"$1,372,210"
324191,Petroleum Lubricating Oil and Grease Manufacturing,"$58,472",4.3%,"$1,307,712",95.7%,"$1,366,185"
336612,Boat Building,"$40,577",3.0%,"$1,325,004",97.0%,"$1,365,580"
335313,Switchgear and Switchboard Apparatus Manufacturing,"$2,070",0.2%,"$1,356,696",99.8%,"$1,358,767"
811114,Specialized Automotive Repair,"$1,325,632",98.2%,"$24,195",1.8%,"$1,349,826"
423220,Home Furnishing Merchant Wholesalers,"$12,342",0.9%,"$1,334,309",99.1%,"$1,346,651"
423320,"Brick, Stone, and Related Construction Material Merchant Wholesalers","$7,282",0.5%,"$1,336,636",99.5%,"$1,343,918"
334111,Electronic Computer Manufacturing,$845,0.1%,"$1,341,277",99.9%,"$1,342,122"
541612,Human Resources Consulting Services,"$2,820",0.2%,"$1,332,971",99.8%,"$1,335,790"
327310,Cement Manufacturing,"$4,710",0.4%,"$1,318,236",99.6%,"$1,322,945"
423420,Office Equipment Merchant Wholesalers,"$1,476",0.1%,"$1,319,294",99.9%,"$1,320,770"
531320,Offices of Real Estate Appraisers,"$340,112",26.2%,"$956,405",73.8%,"$1,296,517"
221115,Wind Electric Power Generation,"$9,361",0.7%,"$1,283,534",99.3%,"$1,292,895"
334220,Radio and Television Broadcasting and Wireless Communications Equipment Manufacturing,"$1,409",0.1%,"$1,290,126",99.9%,"$1,291,535"
325110,Petrochemical Manufacturing,"$1,813",0.1%,"$1,286,613",99.9%,"$1,288,427"
459410,Office Supplies and Stationery Retailers,"$65,405",5.1%,"$1,218,556",94.9%,"$1,283,961"
456191,Food (Health) Supplement Retailers,"$85,977",6.7%,"$1,196,417",93.3%,"$1,282,394"
561790,Other Services to Buildings and Dwellings,"$8,133",0.6%,"$1,268,696",99.4%,"$1,276,829"
811490,Other Personal and Household Goods Repair and Maintenance,"$7,074",0.6%,"$1,253,010",99.4%,"$1,260,084"
339950,Sign Manufacturing,"$12,215",1.0%,"$1,243,811",99.0%,"$1,256,026"
333914,"Measuring, Dispensing, and Other Pumping Equipment Manufacturing",$568,0.0%,"$1,245,746",100.0%,"$1,246,314"
516110,Radio Broadcasting Stations,"$11,063",0.9%,"$1,231,007",99.1%,"$1,242,071"
311340,Nonchocolate Confectionery Manufacturing,"$1,341",0.1%,"$1,237,219",99.9%,"$1,238,560"
311411,"Frozen Fruit, Juice, and Vegetable Manufacturing","$1,072",0.1%,"$1,235,520",99.9%,"$1,236,592"
115210,Support Activities for Animal Production,"$61,330",5.0%,"$1,171,029",95.0%,"$1,232,359"
484210,Used Household and Office Goods Moving,$178,0.0%,"$1,217,307",100.0%,"$1,217,486"
339920,Sporting and Athletic Goods Manufacturing,"$3,345",0.3%,"$1,210,286",99.7%,"$1,213,631"
561710,Exterminating and Pest Control Services,"$326,965",27.0%,"$882,347",73.0%,"$1,209,312"
336212,Truck Trailer Manufacturing,"$5,921",0.5%,"$1,201,673",99.5%,"$1,207,594"
322220,Paper Bag and Coated and Treated Paper Manufacturing,"$11,215",0.9%,"$1,193,739",99.1%,"$1,204,954"
423940,"Jewelry, Watch, Precious Stone, and Precious Metal Merchant Wholesalers","$3,513",0.3%,"$1,196,151",99.7%,"$1,199,663"
562211,Hazardous Waste Treatment and Disposal,"$393,033",32.8%,"$804,644",67.2%,"$1,197,677"
212312,Crushed and Broken Limestone Mining and Quarrying,"$69,379",5.8%,"$1,124,713",94.2%,"$1,194,092"
238170,Siding Contractors,"$91,782",7.7%,"$1,093,594",92.3%,"$1,185,376"
483111,Deep Sea Freight Transportation,$80,0.0%,"$1,169,986",100.0%,"$1,170,066"
311710,Seafood Product Preparation and Packaging,$183,0.0%,"$1,169,385",100.0%,"$1,169,568"
711110,Theater Companies and Dinner Theaters,"$9,361",0.8%,"$1,156,733",99.2%,"$1,166,094"
423210,Furniture Merchant Wholesalers,$121,0.0%,"$1,165,461",100.0%,"$1,165,582"
541410,Interior Design Services,"$18,026",1.6%,"$1,133,106",98.4%,"$1,151,132"
311352,Confectionery Manufacturing from Purchased Chocolate,$322,0.0%,"$1,149,556",100.0%,"$1,149,878"
485991,Special Needs Transportation,"$1,350",0.1%,"$1,148,111",99.9%,"$1,149,461"
311911,Roasted Nuts and Peanut Butter Manufacturing,"$90,409",7.9%,"$1,056,030",92.1%,"$1,146,439"
812111,Barber Shops,"$147,991",13.0%,"$990,195",87.0%,"$1,138,185"
813311,Human Rights Organizations,"$931,321",82.0%,"$204,395",18.0%,"$1,135,716"
333922,Conveyor and Conveying Equipment Manufacturing,$945,0.1%,"$1,134,048",99.9%,"$1,134,993"
424120,Stationery and Office Supplies Merchant Wholesalers,"$107,575",9.5%,"$1,020,423",90.5%,"$1,127,998"
523210,Securities and Commodity Exchanges,"$78,974",7.0%,"$1,047,683",93.0%,"$1,126,657"
812930,Parking Lots and Garages,$8,0.0%,"$1,119,063",100.0%,"$1,119,071"
337121,Upholstered Household Furniture Manufacturing,"$15,553",1.4%,"$1,102,737",98.6%,"$1,118,290"
524128,"Other Direct Insurance (except Life, Health, and Medical) Carriers","$95,477",8.5%,"$1,021,968",91.5%,"$1,117,445"
336999,All Other Transportation Equipment Manufacturing,"$53,142",4.8%,"$1,063,425",95.2%,"$1,116,567"
333248,All Other Industrial Machinery Manufacturing,"$8,179",0.7%,"$1,108,369",99.3%,"$1,116,548"
312112,Bottled Water Manufacturing,"$32,192",2.9%,"$1,083,077",97.1%,"$1,115,270"
332311,Prefabricated Metal Building and Component Manufacturing,"$21,395",1.9%,"$1,087,570",98.1%,"$1,108,965"
423330,"Roofing, Siding, and Insulation Material Merchant Wholesalers","$250,089",22.7%,"$853,199",77.3%,"$1,103,288"
541213,Tax Preparation Services,"$353,662",32.3%,"$742,065",67.7%,"$1,095,727"
561499,All Other Business Support Services,"$3,905",0.4%,"$1,084,158",99.6%,"$1,088,064"
335999,All Other Miscellaneous Electrical Equipment and Component Manufacturing,"$44,343",4.1%,"$1,035,554",95.9%,"$1,079,897"
459210,Book Retailers and News Dealers,"$124,934",11.6%,"$952,445",88.4%,"$1,077,379"
813212,Voluntary Health Organizations,"$18,824",1.7%,"$1,057,219",98.3%,"$1,076,042"
812332,Industrial Launderers,"$27,225",2.5%,"$1,047,222",97.5%,"$1,074,446"
423440,Other Commercial Equipment Merchant Wholesalers,"$7,551",0.7%,"$1,060,691",99.3%,"$1,068,243"
541921,"Photography Studios, Portrait","$121,623",11.4%,"$943,205",88.6%,"$1,064,828"
311941,"Mayonnaise, Dressing, and Other Prepared Sauce Manufacturing","$570,785",54.0%,"$485,897",46.0%,"$1,056,682"
212115,Underground Coal Mining,"$2,165",0.2%,"$1,049,466",99.8%,"$1,051,631"
311230,Breakfast Cereal Manufacturing,"$1,434",0.1%,"$1,049,121",99.9%,"$1,050,555"
486210,Pipeline Transportation of Natural Gas,$0,0.0%,"$1,041,846",100.0%,"$1,041,846"
611519,Other Technical and Trade Schools,"$4,788",0.5%,"$1,036,440",99.5%,"$1,041,228"
444120,Paint and Wallpaper Retailers,"$49,047",4.7%,"$984,169",95.3%,"$1,033,216"
424340,Footwear Merchant Wholesalers,"$3,792",0.4%,"$1,027,801",99.6%,"$1,031,593"
332323,Ornamental and Architectural Metal Work Manufacturing,$666,0.1%,"$1,030,108",99.9%,"$1,030,775"
441222,Boat Dealers,"$34,348",3.4%,"$990,562",96.6%,"$1,024,909"
562212,Solid Waste Landfill,"$69,819",6.8%,"$950,698",93.2%,"$1,020,517"
525190,Other Insurance Funds,$396,0.0%,"$1,004,172",100.0%,"$1,004,569"
424470,Meat and Meat Product Merchant Wholesalers,"$1,301",0.1%,"$1,001,554",99.9%,"$1,002,854"
811198,All Other Automotive Repair and Maintenance,"$98,300",9.9%,"$898,177",90.1%,"$996,477"
521110,Monetary Authorities-Central Bank,"$1,579",0.2%,"$993,414",99.8%,"$994,993"
221111,Hydroelectric Power Generation,"$60,836",6.1%,"$933,618",93.9%,"$994,454"
813219,Other Grantmaking and Giving Services,"$79,576",8.0%,"$913,694",92.0%,"$993,271"
541890,Other Services Related to Advertising,"$4,889",0.5%,"$977,028",99.5%,"$981,916"
483113,Coastal and Great Lakes Freight Transportation,$529,0.1%,"$978,565",99.9%,"$979,093"
424920,"Book, Periodical, and Newspaper Merchant Wholesalers","$2,187",0.2%,"$968,725",99.8%,"$970,911"
326150,Urethane and Other Foam Product (except Polystyrene) Manufacturing,"$2,714",0.3%,"$964,967",99.7%,"$967,681"
488320,Marine Cargo Handling,$849,0.1%,"$966,134",99.9%,"$966,983"
115112,"Soil Preparation, Planting, and Cultivating","$952,814",99.5%,"$4,493",0.5%,"$957,307"
611610,Fine Arts Schools,"$203,769",21.3%,"$752,879",78.7%,"$956,647"
336330,Motor Vehicle Steering and Suspension Components (except Spring) Manufacturing,$0,0.0%,"$955,114",100.0%,"$955,114"
327215,Glass Product Manufacturing Made of Purchased Glass,"$1,118",0.1%,"$951,963",99.9%,"$953,081"
611699,All Other Miscellaneous Schools and Instruction,"$102,548",10.8%,"$850,411",89.2%,"$952,959"
811122,Automotive Glass Replacement Shops,"$951,245",99.8%,"$1,451",0.2%,"$952,697"
424310,"Piece Goods, Notions, and Other Dry Goods Merchant Wholesalers","$64,832",6.8%,"$886,171",93.2%,"$951,003"
524298,All Other Insurance Related Activities,"$130,832",13.8%,"$814,631",86.2%,"$945,463"
532112,Passenger Car Leasing,"$94,917",10.1%,"$847,579",89.9%,"$942,496"
459310,Florists,"$35,750",3.8%,"$905,273",96.2%,"$941,023"
541191,Title Abstract and Settlement Offices,"$50,245",5.4%,"$886,956",94.6%,"$937,201"
311824,"Dry Pasta, Dough, and Flour Mixes Manufacturing from Purchased Flour","$5,145",0.5%,"$931,216",99.5%,"$936,361"
611691,Exam Preparation and Tutoring,"$19,354",2.1%,"$907,237",97.9%,"$926,591"
333132,Oil and Gas Field Machinery and Equipment Manufacturing,$21,0.0%,"$922,752",100.0%,"$922,773"
423860,Transportation Equipment and Supplies (except Motor Vehicle) Merchant Wholesalers,"$1,366",0.1%,"$921,212",99.9%,"$922,578"
314110,Carpet and Rug Mills,"$20,421",2.2%,"$900,597",97.8%,"$921,018"
424950,"Paint, Varnish, and Supplies Merchant Wholesalers",$302,0.0%,"$917,776",100.0%,"$918,077"
541910,Marketing Research and Public Opinion Polling,"$7,966",0.9%,"$908,901",99.1%,"$916,867"
333924,"Industrial Truck, Tractor, Trailer, and Stacker Machinery Manufacturing","$1,468",0.2%,"$913,701",99.8%,"$915,169"
321918,Other Millwork (including Flooring),"$249,574",27.4%,"$662,321",72.6%,"$911,894"
541713,Research and Development in Nanotechnology,"$9,693",1.1%,"$900,498",98.9%,"$910,191"
335931,Current-Carrying Wiring Device Manufacturing,"$3,472",0.4%,"$904,360",99.6%,"$907,832"
424940,Tobacco Product and Electronic Cigarette Merchant Wholesalers,"$33,313",3.7%,"$871,521",96.3%,"$904,835"
322291,Sanitary Paper Product Manufacturing,"$29,024",3.2%,"$874,731",96.8%,"$903,755"
423130,Tire and Tube Merchant Wholesalers,$390,0.0%,"$900,853",100.0%,"$901,243"
561312,Executive Search Services,$214,0.0%,"$894,060",100.0%,"$894,274"
812320,Drycleaning and Laundry Services (except Coin-Operated),"$38,191",4.3%,"$850,987",95.7%,"$889,178"
423490,Other Professional Equipment and Supplies Merchant Wholesalers,"$1,821",0.2%,"$882,813",99.8%,"$884,634"
325520,Adhesive Manufacturing,$0,0.0%,"$879,258",100.0%,"$879,258"
311520,Ice Cream and Frozen Dessert Manufacturing,$63,0.0%,"$874,049",100.0%,"$874,111"
334516,Analytical Laboratory Instrument Manufacturing,"$1,756",0.2%,"$865,795",99.8%,"$867,551"
485999,All Other Transit and Ground Passenger Transportation,$423,0.0%,"$863,188",100.0%,"$863,611"
812331,Linen Supply,"$28,390",3.3%,"$833,760",96.7%,"$862,150"
423850,Service Establishment Equipment and Supplies Merchant Wholesalers,"$8,117",0.9%,"$851,029",99.1%,"$859,146"
323113,Commercial Screen Printing,"$2,152",0.3%,"$853,067",99.7%,"$855,219"
332999,All Other Miscellaneous Fabricated Metal Product Manufacturing,"$1,786",0.2%,"$852,212",99.8%,"$853,998"
488410,Motor Vehicle Towing,"$101,580",11.9%,"$749,304",88.1%,"$850,883"
332420,Metal Tank (Heavy Gauge) Manufacturing,$598,0.1%,"$848,507",99.9%,"$849,106"
532310,General Rental Centers,"$14,788",1.7%,"$834,117",98.3%,"$848,905"
311119,Other Animal Food Manufacturing,$352,0.0%,"$845,609",100.0%,"$845,961"
903619,All Other Schools and Educational Support Services (Local Government),$566,0.1%,"$845,363",99.9%,"$845,929"
445240,Meat Retailers,"$8,980",1.1%,"$833,600",98.9%,"$842,580"
315250,Cut and Sew Apparel Manufacturing (except Contractors),"$1,993",0.2%,"$836,968",99.8%,"$838,960"
488119,Other Airport Operations,"$88,094",10.6%,"$746,297",89.4%,"$834,391"
424420,Packaged Frozen Food Merchant Wholesalers,$678,0.1%,"$830,538",99.9%,"$831,216"
337212,Custom Architectural Woodwork and Millwork Manufacturing,"$3,745",0.5%,"$821,414",99.5%,"$825,158"
444230,Outdoor Power Equipment Retailers,"$823,110",99.9%,"$1,184",0.1%,"$824,294"
333998,All Other Miscellaneous General Purpose Machinery Manufacturing,"$1,497",0.2%,"$821,787",99.8%,"$823,284"
722330,Mobile Food Services,"$25,117",3.1%,"$793,238",96.9%,"$818,354"
512250,Record Production and Distribution,$740,0.1%,"$815,184",99.9%,"$815,925"
311225,Fats and Oils Refining and Blending,"$2,853",0.4%,"$812,021",99.6%,"$814,874"
712130,Zoos and Botanical Gardens,"$68,077",8.5%,"$732,501",91.5%,"$800,578"
321999,All Other Miscellaneous Wood Product Manufacturing,"$33,736",4.2%,"$763,973",95.8%,"$797,710"
212114,Surface Coal Mining,$0,0.0%,"$796,138",100.0%,"$796,138"
423390,Other Construction Material Merchant Wholesalers,"$54,687",6.9%,"$741,407",93.1%,"$796,094"
423920,Toy and Hobby Goods and Supplies Merchant Wholesalers,"$56,913",7.3%,"$728,049",92.7%,"$784,961"
326113,Unlaminated Plastics Film and Sheet (except Packaging) Manufacturing,"$1,745",0.2%,"$781,767",99.8%,"$783,511"
541199,All Other Legal Services,$202,0.0%,"$782,326",100.0%,"$782,528"
325120,Industrial Gas Manufacturing,"$24,811",3.2%,"$746,827",96.8%,"$771,638"
311211,Flour Milling,"$3,303",0.4%,"$768,160",99.6%,"$771,463"
326122,Plastics Pipe and Pipe Fitting Manufacturing,"$3,490",0.5%,"$765,715",99.5%,"$769,205"
326111,Plastics Bag and Pouch Manufacturing,"$2,429",0.3%,"$761,908",99.7%,"$764,337"
561920,Convention and Trade Show Organizers,"$412,239",54.0%,"$351,696",46.0%,"$763,935"
321991,Manufactured Home (Mobile Home) Manufacturing,"$10,135",1.3%,"$746,505",98.7%,"$756,641"
541922,Commercial Photography,"$6,217",0.8%,"$749,344",99.2%,"$755,561"
339116,Dental Laboratories,"$1,166",0.2%,"$751,176",99.8%,"$752,341"
424430,Dairy Product (except Dried or Canned) Merchant Wholesalers,"$4,396",0.6%,"$745,991",99.4%,"$750,387"
812220,Cemeteries and Crematories,"$741,709",98.9%,"$8,596",1.1%,"$750,304"
326140,Polystyrene Foam Product Manufacturing,"$10,380",1.4%,"$739,631",98.6%,"$750,011"
333618,Other Engine Equipment Manufacturing,"$1,308",0.2%,"$746,037",99.8%,"$747,346"
532283,Home Health Equipment Rental,"$37,583",5.0%,"$708,499",95.0%,"$746,082"
562991,Septic Tank and Related Services,"$333,602",44.9%,"$409,841",55.1%,"$743,443"
713930,Marinas,$442,0.1%,"$742,632",99.9%,"$743,074"
212230,"Copper, Nickel, Lead, and Zinc Mining",$0,0.0%,"$736,779",100.0%,"$736,779"
336340,Motor Vehicle Brake System Manufacturing,$0,0.0%,"$727,009",100.0%,"$727,009"
115310,Support Activities for Forestry,"$26,842",3.7%,"$699,757",96.3%,"$726,600"
332994,"Small Arms, Ordnance, and Ordnance Accessories Manufacturing","$4,029",0.6%,"$714,431",99.4%,"$718,459"
333112,Lawn and Garden Tractor and Home Lawn and Garden Equipment Manufacturing,$85,0.0%,"$714,789",100.0%,"$714,874"
339115,Ophthalmic Goods Manufacturing,"$1,497",0.2%,"$707,536",99.8%,"$709,033"
327991,Cut Stone and Stone Product Manufacturing,"$29,926",4.3%,"$672,531",95.7%,"$702,457"
311830,Tortilla Manufacturing,"$12,957",1.9%,"$684,737",98.1%,"$697,693"
336510,Railroad Rolling Stock Manufacturing,$38,0.0%,"$697,650",100.0%,"$697,688"
459920,Art Dealers,"$13,802",2.0%,"$679,528",98.0%,"$693,331"
331420,"Copper Rolling, Drawing, Extruding, and Alloying",$609,0.1%,"$691,457",99.9%,"$692,066"
624221,Temporary Shelters,"$124,645",18.1%,"$564,982",81.9%,"$689,627"
327420,Gypsum Product Manufacturing,"$13,164",1.9%,"$674,340",98.1%,"$687,503"
212390,Other Nonmetallic Mineral Mining and Quarrying,"$2,233",0.3%,"$680,365",99.7%,"$682,598"
459140,Musical Instrument and Supplies Retailers,"$27,427",4.1%,"$641,305",95.9%,"$668,732"
493120,Refrigerated Warehousing and Storage,"$16,583",2.5%,"$652,069",97.5%,"$668,652"
711219,Other Spectator Sports,"$335,059",50.5%,"$328,628",49.5%,"$663,688"
485113,Bus and Other Motor Vehicle Transit Systems,"$23,899",3.6%,"$637,264",96.4%,"$661,164"
337214,Office Furniture (except Wood) Manufacturing,$865,0.1%,"$656,461",99.9%,"$657,326"
561440,Collection Agencies,"$150,785",23.0%,"$503,720",77.0%,"$654,505"
332431,Metal Can Manufacturing,$0,0.0%,"$653,791",100.0%,"$653,791"
336414,Guided Missile and Space Vehicle Manufacturing,$695,0.1%,"$645,746",99.9%,"$646,441"
327993,Mineral Wool Manufacturing,$556,0.1%,"$644,937",99.9%,"$645,493"
337910,Mattress Manufacturing,"$4,449",0.7%,"$637,381",99.3%,"$641,830"
339991,"Gasket, Packing, and Sealing Device Manufacturing",$895,0.1%,"$640,091",99.9%,"$640,986"
621410,Family Planning Centers,"$333,791",52.1%,"$306,545",47.9%,"$640,336"
333912,Air and Gas Compressor Manufacturing,"$1,087",0.2%,"$635,604",99.8%,"$636,691"
532420,Office Machinery and Equipment Rental and Leasing,"$194,681",30.7%,"$440,418",69.3%,"$635,099"
332410,Power Boiler and Heat Exchanger Manufacturing,$0,0.0%,"$634,003",100.0%,"$634,003"
524291,Claims Adjusting,"$1,225",0.2%,"$622,132",99.8%,"$623,357"
321219,Reconstituted Wood Product Manufacturing,$307,0.0%,"$622,400",100.0%,"$622,708"
322212,Folding Paperboard Box Manufacturing,"$4,390",0.7%,"$615,594",99.3%,"$619,984"
311221,Wet Corn Milling and Starch Manufacturing,$0,0.0%,"$616,572",100.0%,"$616,572"
332510,Hardware Manufacturing,"$1,519",0.2%,"$610,196",99.8%,"$611,716"
335311,"Power, Distribution, and Specialty Transformer Manufacturing",$989,0.2%,"$608,779",99.8%,"$609,769"
721214,Recreational and Vacation Camps (except Campgrounds),"$54,398",8.9%,"$555,322",91.1%,"$609,720"
513140,Directory and Mailing List Publishers,"$31,509",5.2%,"$573,446",94.8%,"$604,955"
221118,Other Electric Power Generation,"$55,252",9.2%,"$548,016",90.8%,"$603,268"
481212,Nonscheduled Chartered Freight Air Transportation,$129,0.0%,"$600,553",100.0%,"$600,682"
611420,Computer Training,"$91,191",15.2%,"$508,254",84.8%,"$599,445"
332996,Fabricated Pipe and Pipe Fitting Manufacturing,$0,0.0%,"$596,084",100.0%,"$596,084"
481219,Other Nonscheduled Air Transportation,$175,0.0%,"$590,625",100.0%,"$590,800"
336412,Aircraft Engine and Engine Parts Manufacturing,$340,0.1%,"$589,742",99.9%,"$590,083"
332913,Plumbing Fixture Fitting and Trim Manufacturing,"$10,287",1.8%,"$577,488",98.2%,"$587,774"
512131,Motion Picture Theaters (except Drive-Ins),"$8,350",1.4%,"$577,363",98.6%,"$585,712"
445230,Fruit and Vegetable Retailers,"$110,751",18.9%,"$474,185",81.1%,"$584,936"
541370,Surveying and Mapping (except Geophysical) Services,"$49,820",8.5%,"$534,303",91.5%,"$584,123"
332812,"Metal Coating, Engraving (except Jewelry and Silverware), and Allied Services to Manufacturers","$2,233",0.4%,"$580,060",99.6%,"$582,294"
334418,Printed Circuit Assembly (Electronic Assembly) Manufacturing,$26,0.0%,"$581,997",100.0%,"$582,022"
424110,Printing and Writing Paper Merchant Wholesalers,"$7,665",1.3%,"$572,243",98.7%,"$579,909"
335132,"Commercial, Industrial, and Institutional Electric Lighting Fixture Manufacturing","$5,618",1.0%,"$574,081",99.0%,"$579,700"
541320,Landscape Architectural Services,"$464,024",80.5%,"$112,119",19.5%,"$576,143"
721211,RV (Recreational Vehicle) Parks and Campgrounds,"$25,485",4.4%,"$550,383",95.6%,"$575,868"
326121,Unlaminated Plastics Profile Shape Manufacturing,"$6,264",1.1%,"$565,367",98.9%,"$571,631"
339910,Jewelry and Silverware Manufacturing,"$2,287",0.4%,"$562,983",99.6%,"$565,270"
337215,"Showcase, Partition, Shelving, and Locker Manufacturing","$1,133",0.2%,"$564,135",99.8%,"$565,269"
713950,Bowling Centers,"$9,270",1.6%,"$555,828",98.4%,"$565,098"
493190,Other Warehousing and Storage,"$442,732",78.8%,"$119,119",21.2%,"$561,850"
336611,Ship Building and Repairing,"$5,782",1.0%,"$555,806",99.0%,"$561,588"
611512,Flight Training,"$30,954",5.5%,"$528,927",94.5%,"$559,880"
322219,Other Paperboard Container Manufacturing,"$11,885",2.1%,"$545,650",97.9%,"$557,535"
333514,"Special Die and Tool, Die Set, Jig, and Fixture Manufacturing",$594,0.1%,"$554,145",99.9%,"$554,739"
332993,Ammunition (except Small Arms) Manufacturing,$0,0.0%,"$554,257",100.0%,"$554,257"
321212,Softwood Veneer and Plywood Manufacturing,$0,0.0%,"$554,135",100.0%,"$554,135"
327331,Concrete Block and Brick Manufacturing,$400,0.1%,"$550,931",99.9%,"$551,331"
326112,Plastics Packaging Film and Sheet (including Laminated) Manufacturing,"$3,046",0.6%,"$542,347",99.4%,"$545,393"
517410,Satellite Telecommunications,"$6,536",1.2%,"$537,351",98.8%,"$543,888"
561910,Packaging and Labeling Services,"$29,222",5.4%,"$514,451",94.6%,"$543,673"
481112,Scheduled Freight Air Transportation,$24,0.0%,"$543,190",100.0%,"$543,213"
424460,Fish and Seafood Merchant Wholesalers,$244,0.0%,"$542,758",100.0%,"$543,001"
334118,Computer Terminal and Other Computer Peripheral Equipment Manufacturing,$176,0.0%,"$537,450",100.0%,"$537,626"
562998,All Other Miscellaneous Waste Management Services,"$6,574",1.2%,"$530,762",98.8%,"$537,336"
332216,Saw Blade and Handtool Manufacturing,"$2,456",0.5%,"$532,185",99.5%,"$534,641"
333517,Machine Tool Manufacturing,$772,0.1%,"$528,645",99.9%,"$529,418"
562920,Materials Recovery Facilities,"$101,229",19.2%,"$425,270",80.8%,"$526,499"
325194,"Cyclic Crude, Intermediate, and Gum and Wood Chemical Manufacturing",$202,0.0%,"$522,193",100.0%,"$522,395"
324199,All Other Petroleum and Coal Products Manufacturing,$710,0.1%,"$521,532",99.9%,"$522,242"
423140,Motor Vehicle Parts (Used) Merchant Wholesalers,"$11,538",2.2%,"$506,200",97.8%,"$517,738"
336991,"Motorcycle, Bicycle, and Parts Manufacturing","$2,408",0.5%,"$515,020",99.5%,"$517,428"
424590,Other Farm Product Raw Material Merchant Wholesalers,$117,0.0%,"$515,573",100.0%,"$515,690"
311351,Chocolate and Confectionery Manufacturing from Cacao Beans,$776,0.2%,"$513,544",99.8%,"$514,320"
332721,Precision Turned Product Manufacturing,"$7,332",1.4%,"$506,709",98.6%,"$514,042"
332722,"Bolt, Nut, Screw, Rivet, and Washer Manufacturing",$36,0.0%,"$511,077",100.0%,"$511,113"
721310,"Rooming and Boarding Houses, Dormitories, and Workers' Camps","$6,857",1.3%,"$501,619",98.7%,"$508,476"
512230,Music Publishers,"$2,591",0.5%,"$504,873",99.5%,"$507,464"
332813,"Electroplating, Plating, Polishing, Anodizing, and Coloring","$1,588",0.3%,"$500,075",99.7%,"$501,663"
336213,Motor Home Manufacturing,$0,0.0%,"$500,229",100.0%,"$500,229"
321211,Hardwood Veneer and Plywood Manufacturing,$19,0.0%,"$498,959",100.0%,"$498,978"
326291,Rubber Product Manufacturing for Mechanical Use,"$2,133",0.4%,"$491,949",99.6%,"$494,082"
512240,Sound Recording Studios,"$3,562",0.7%,"$489,377",99.3%,"$492,940"
115116,Farm Management Services,"$312,191",63.5%,"$179,555",36.5%,"$491,746"
562219,Other Nonhazardous Waste Treatment and Disposal,$239,0.0%,"$489,496",100.0%,"$489,735"
326299,All Other Rubber Product Manufacturing,"$1,054",0.2%,"$484,218",99.8%,"$485,271"
541850,Indoor and Outdoor Display Advertising,"$76,332",15.8%,"$408,249",84.2%,"$484,581"
562112,Hazardous Waste Collection,"$68,433",14.1%,"$415,939",85.9%,"$484,372"
311422,Specialty Canning,$196,0.0%,"$483,725",100.0%,"$483,921"
512191,Teleproduction and Other Postproduction Services,$807,0.2%,"$479,072",99.8%,"$479,879"
311423,Dried and Dehydrated Food Manufacturing,$141,0.0%,"$477,843",100.0%,"$477,984"
722514,"Cafeterias, Grill Buffets, and Buffets","$7,644",1.6%,"$468,322",98.4%,"$475,966"
333414,Heating Equipment (except Warm Air Furnaces) Manufacturing,$39,0.0%,"$475,200",100.0%,"$475,239"
459130,"Sewing, Needlework, and Piece Goods Retailers","$14,102",3.0%,"$459,517",97.0%,"$473,619"
311613,Rendering and Meat Byproduct Processing,$153,0.0%,"$472,734",100.0%,"$472,887"
333923,"Overhead Traveling Crane, Hoist, and Monorail System Manufacturing",$42,0.0%,"$463,051",100.0%,"$463,092"
541860,Direct Mail Advertising,"$39,904",8.6%,"$422,296",91.4%,"$462,200"
713920,Skiing Facilities,$472,0.1%,"$459,380",99.9%,"$459,852"
335312,Motor and Generator Manufacturing,$851,0.2%,"$456,038",99.8%,"$456,889"
532411,"Commercial Air, Rail, and Water Transportation Equipment Rental and Leasing","$29,322",6.4%,"$427,483",93.6%,"$456,805"
212319,Other Crushed and Broken Stone Mining and Quarrying,$0,0.0%,"$454,944",100.0%,"$454,944"
332119,"Metal Crown, Closure, and Other Metal Stamping (except Automotive)",$218,0.0%,"$453,652",100.0%,"$453,870"
721199,All Other Traveler Accommodation,$857,0.2%,"$451,126",99.8%,"$451,983"
561520,Tour Operators,"$269,809",60.3%,"$177,551",39.7%,"$447,360"
321992,Prefabricated Wood Building Manufacturing,"$16,009",3.6%,"$430,007",96.4%,"$446,016"
325991,Custom Compounding of Purchased Resins,$88,0.0%,"$445,211",100.0%,"$445,300"
322230,Stationery Product Manufacturing,$147,0.0%,"$443,797",100.0%,"$443,945"
423460,Ophthalmic Goods Merchant Wholesalers,"$1,317",0.3%,"$442,609",99.7%,"$443,926"
561611,Investigation and Personal Background Check Services,"$32,084",7.3%,"$409,517",92.7%,"$441,601"
327999,All Other Miscellaneous Nonmetallic Mineral Product Manufacturing,"$18,542",4.2%,"$421,010",95.8%,"$439,552"
624229,Other Community Housing Services,"$153,693",35.0%,"$285,454",65.0%,"$439,148"
333993,Packaging Machinery Manufacturing,"$2,438",0.6%,"$435,368",99.4%,"$437,806"
337122,Nonupholstered Wood Household Furniture Manufacturing,"$4,070",0.9%,"$433,624",99.1%,"$437,694"
333413,Industrial and Commercial Fan and Blower and Air Purification Equipment Manufacturing,$867,0.2%,"$435,739",99.8%,"$436,606"
811412,Appliance Repair and Maintenance,"$31,492",7.2%,"$405,031",92.8%,"$436,523"
561450,Credit Bureaus,"$9,744",2.2%,"$426,067",97.8%,"$435,812"
488210,Support Activities for Rail Transportation,$126,0.0%,"$434,792",100.0%,"$434,919"
458320,Luggage and Leather Goods Retailers,"$8,351",1.9%,"$425,110",98.1%,"$433,462"
713120,Amusement Arcades,"$76,488",17.7%,"$355,352",82.3%,"$431,839"
488490,Other Support Activities for Road Transportation,"$6,021",1.4%,"$425,636",98.6%,"$431,657"
541840,Media Representatives,"$24,996",5.9%,"$398,569",94.1%,"$423,566"
327120,Clay Building Material and Refractories Manufacturing,"$5,242",1.2%,"$416,325",98.8%,"$421,567"
334515,Instrument Manufacturing for Measuring and Testing Electricity and Electrical Signals,$424,0.1%,"$416,114",99.9%,"$416,538"
459930,Manufactured (Mobile) Home Dealers,$727,0.2%,"$410,060",99.8%,"$410,787"
337211,Wood Office Furniture Manufacturing,"$2,777",0.7%,"$407,369",99.3%,"$410,146"
335210,Small Electrical Appliance Manufacturing,"$1,704",0.4%,"$408,241",99.6%,"$409,945"
332912,Fluid Power Valve and Hose Fitting Manufacturing,"$3,376",0.8%,"$404,456",99.2%,"$407,833"
561410,Document Preparation Services,"$1,883",0.5%,"$405,415",99.5%,"$407,298"
311314,Cane Sugar Manufacturing,$0,0.0%,"$405,616",100.0%,"$405,616"
532284,Recreational Goods Rental,$66,0.0%,"$403,875",100.0%,"$403,941"
333611,Turbine and Turbine Generator Set Units Manufacturing,$2,0.0%,"$400,699",100.0%,"$400,701"
334112,Computer Storage Device Manufacturing,$35,0.0%,"$400,545",100.0%,"$400,580"
334419,Other Electronic Component Manufacturing,"$3,150",0.8%,"$394,834",99.2%,"$397,984"
721191,Bed-and-Breakfast Inns,"$16,387",4.1%,"$381,126",95.9%,"$397,514"
212322,Industrial Sand Mining,$0,0.0%,"$395,023",100.0%,"$395,023"
334517,Irradiation Apparatus Manufacturing,$469,0.1%,"$394,301",99.9%,"$394,770"
812310,Coin-Operated Laundries and Drycleaners,"$103,884",26.7%,"$284,988",73.3%,"$388,872"
326191,Plastics Plumbing Fixture Manufacturing,"$50,817",13.1%,"$336,833",86.9%,"$387,650"
334513,"Instruments and Related Products Manufacturing for Measuring, Displaying, and Controlling Industrial Process Variables","$3,855",1.0%,"$383,672",99.0%,"$387,527"
621391,Offices of Podiatrists,"$108,741",28.1%,"$278,605",71.9%,"$387,346"
333921,Elevator and Moving Stairway Manufacturing,"$1,054",0.3%,"$386,288",99.7%,"$387,342"
314999,All Other Miscellaneous Textile Product Mills,"$40,126",10.4%,"$346,902",89.6%,"$387,027"
541830,Media Buying Agencies,"$10,943",2.9%,"$370,104",97.1%,"$381,047"
445291,Baked Goods Retailers,"$19,275",5.1%,"$360,442",94.9%,"$379,717"
624230,Emergency and Other Relief Services,"$223,860",59.4%,"$153,306",40.6%,"$377,166"
212313,Crushed and Broken Granite Mining and Quarrying,"$2,748",0.7%,"$373,851",99.3%,"$376,600"
336360,Motor Vehicle Seating and Interior Trim Manufacturing,"$1,119",0.3%,"$374,916",99.7%,"$376,035"
483114,Coastal and Great Lakes Passenger Transportation,$146,0.0%,"$374,200",100.0%,"$374,346"
485510,Charter Bus Industry,"$5,586",1.5%,"$362,849",98.5%,"$368,435"
337126,Household Furniture (except Wood and Upholstered) Manufacturing,"$2,062",0.6%,"$363,805",99.4%,"$365,868"
541420,Industrial Design Services,"$15,344",4.2%,"$349,429",95.8%,"$364,772"
449122,Window Treatment Retailers,"$17,178",4.7%,"$346,653",95.3%,"$363,831"
541490,Other Specialized Design Services,"$32,639",9.0%,"$328,323",91.0%,"$360,962"
541930,Translation and Interpretation Services,"$14,332",4.0%,"$346,438",96.0%,"$360,770"
333511,Industrial Mold Manufacturing,$19,0.0%,"$354,593",100.0%,"$354,612"
332439,Other Metal Container Manufacturing,"$1,839",0.5%,"$352,471",99.5%,"$354,311"
624210,Community Food Services,"$3,415",1.0%,"$349,685",99.0%,"$353,100"
423740,Refrigeration Equipment and Supplies Merchant Wholesalers,"$1,816",0.5%,"$351,276",99.5%,"$353,092"
541350,Building Inspection Services,"$2,924",0.8%,"$346,251",99.2%,"$349,175"
315210,Cut and Sew Apparel Contractors,"$1,380",0.4%,"$346,121",99.6%,"$347,501"
212311,Dimension Stone Mining and Quarrying,"$3,468",1.0%,"$339,648",99.0%,"$343,116"
321114,Wood Preservation,"$110,577",32.8%,"$226,888",67.2%,"$337,465"
311813,"Frozen Cakes, Pies, and Other Pastries Manufacturing",$454,0.1%,"$334,631",99.9%,"$335,085"
336370,Motor Vehicle Metal Stamping,$37,0.0%,"$334,308",100.0%,"$334,345"
339114,Dental Equipment and Supplies Manufacturing,"$1,971",0.6%,"$330,738",99.4%,"$332,708"
562119,Other Waste Collection,"$202,197",60.9%,"$130,016",39.1%,"$332,212"
561740,Carpet and Upholstery Cleaning Services,"$233,254",70.3%,"$98,395",29.7%,"$331,649"
445292,Confectionery and Nut Retailers,"$15,116",4.6%,"$315,452",95.4%,"$330,568"
321912,"Cut Stock, Resawing Lumber, and Planing","$4,728",1.4%,"$321,931",98.6%,"$326,659"
334290,Other Communications Equipment Manufacturing,"$3,197",1.0%,"$322,968",99.0%,"$326,165"
333241,Food Product Machinery Manufacturing,"$1,427",0.4%,"$324,714",99.6%,"$326,141"
311313,Beet Sugar Manufacturing,$0,0.0%,"$325,627",100.0%,"$325,627"
337127,Institutional Furniture Manufacturing,$452,0.1%,"$322,680",99.9%,"$323,133"
333991,Power-Driven Handtool Manufacturing,$0,0.0%,"$322,476",100.0%,"$322,476"
335932,Noncurrent-Carrying Wiring Device Manufacturing,$0,0.0%,"$322,195",100.0%,"$322,195"
486110,Pipeline Transportation of Crude Oil,$740,0.2%,"$318,775",99.8%,"$319,515"
423410,Photographic Equipment and Supplies Merchant Wholesalers,"$2,775",0.9%,"$316,620",99.1%,"$319,396"
335139,Electric Lamp Bulb and Other Lighting Equipment Manufacturing,"$2,696",0.8%,"$315,577",99.2%,"$318,273"
314910,Textile Bag and Canvas Mills,"$1,877",0.6%,"$316,069",99.4%,"$317,945"
336413,Other Aircraft Parts and Auxiliary Equipment Manufacturing,$130,0.0%,"$313,681",100.0%,"$313,811"
337920,Blind and Shade Manufacturing,"$1,057",0.3%,"$311,989",99.7%,"$313,046"
221320,Sewage Treatment Facilities,"$310,012",99.6%,"$1,153",0.4%,"$311,165"
327213,Glass Container Manufacturing,$551,0.2%,"$309,907",99.8%,"$310,458"
332911,Industrial Valve Manufacturing,$43,0.0%,"$309,479",100.0%,"$309,522"
313210,Broadwoven Fabric Mills,"$2,840",0.9%,"$304,640",99.1%,"$307,481"
488330,Navigational Services to Shipping,"$37,266",12.2%,"$268,189",87.8%,"$305,455"
113310,Logging,"$30,209",9.9%,"$274,847",90.1%,"$305,056"
335929,Other Communication and Energy Wire Manufacturing,"$10,613",3.5%,"$294,308",96.5%,"$304,921"
212323,"Kaolin, Clay, and Ceramic and Refractory Minerals Mining","$3,354",1.1%,"$300,475",98.9%,"$303,829"
335921,Fiber Optic Cable Manufacturing,"$1,774",0.6%,"$301,799",99.4%,"$303,573"
611210,Junior Colleges,"$2,737",0.9%,"$296,319",99.1%,"$299,056"
325613,Surface Active Agent Manufacturing,$118,0.0%,"$298,205",100.0%,"$298,323"
312113,Ice Manufacturing,"$40,009",13.4%,"$257,568",86.6%,"$297,578"
327332,Concrete Pipe Manufacturing,"$4,237",1.4%,"$289,424",98.6%,"$293,662"
327992,Ground or Treated Mineral and Earth Manufacturing,$0,0.0%,"$293,119",100.0%,"$293,119"
711212,Racetracks,"$2,751",0.9%,"$288,365",99.1%,"$291,115"
313310,Textile and Fabric Finishing Mills,"$5,258",1.8%,"$285,535",98.2%,"$290,793"
313230,Nonwoven Fabric Mills,$0,0.0%,"$288,186",100.0%,"$288,186"
322299,All Other Converted Paper Product Manufacturing,"$18,134",6.3%,"$269,934",93.7%,"$288,069"
333992,Welding and Soldering Equipment Manufacturing,$352,0.1%,"$284,946",99.9%,"$285,297"
512120,Motion Picture and Video Distribution,$50,0.0%,"$283,870",100.0%,"$283,920"
561439,Other Business Service Centers (including Copy Shops),"$5,404",1.9%,"$278,508",98.1%,"$283,912"
316210,Footwear Manufacturing,"$5,466",1.9%,"$276,606",98.1%,"$282,071"
611513,Apprenticeship Training,"$2,623",0.9%,"$278,736",99.1%,"$281,359"
335314,Relay and Industrial Control Manufacturing,$387,0.1%,"$278,978",99.9%,"$279,365"
334310,Audio and Video Equipment Manufacturing,$530,0.2%,"$278,417",99.8%,"$278,947"
331210,Iron and Steel Pipe and Tube Manufacturing from Purchased Steel,"$6,941",2.5%,"$269,129",97.5%,"$276,070"
311512,Creamery Butter Manufacturing,$0,0.0%,"$275,788",100.0%,"$275,788"
311930,Flavoring Syrup and Concentrate Manufacturing,$0,0.0%,"$273,361",100.0%,"$273,361"
325220,Artificial and Synthetic Fibers and Filaments Manufacturing,"$2,562",0.9%,"$268,567",99.1%,"$271,129"
327212,Other Pressed and Blown Glass and Glassware Manufacturing,"$2,100",0.8%,"$268,246",99.2%,"$270,346"
339940,Office Supplies (except Paper) Manufacturing,"$1,368",0.5%,"$266,609",99.5%,"$267,977"
332992,Small Arms Ammunition Manufacturing,$14,0.0%,"$263,990",100.0%,"$264,004"
331318,"Other Aluminum Rolling, Drawing, and Extruding","$1,665",0.6%,"$261,781",99.4%,"$263,445"
333242,Semiconductor Machinery Manufacturing,$0,0.0%,"$262,347",100.0%,"$262,347"
115113,"Crop Harvesting, Primarily by Machine","$251,600",96.1%,"$10,228",3.9%,"$261,828"
314120,Curtain and Linen Mills,"$2,007",0.8%,"$258,957",99.2%,"$260,964"
327211,Flat Glass Manufacturing,"$1,240",0.5%,"$259,526",99.5%,"$260,767"
483212,Inland Water Passenger Transportation,$339,0.1%,"$260,308",99.9%,"$260,647"
811420,Reupholstery and Furniture Repair,"$19,570",7.5%,"$239,882",92.5%,"$259,452"
485210,Interurban and Rural Bus Transportation,"$2,308",0.9%,"$257,079",99.1%,"$259,387"
327110,"Pottery, Ceramics, and Plumbing Fixture Manufacturing",$508,0.2%,"$258,477",99.8%,"$258,985"
813940,Political Organizations,"$250,834",97.4%,"$6,776",2.6%,"$257,610"
325315,Compost Manufacturing,"$141,942",55.1%,"$115,471",44.9%,"$257,413"
327910,Abrasive Product Manufacturing,$323,0.1%,"$253,450",99.9%,"$253,773"
424520,Livestock Merchant Wholesalers,$148,0.1%,"$253,367",99.9%,"$253,515"
334514,Totalizing Fluid Meter and Counting Device Manufacturing,"$5,582",2.2%,"$246,743",97.8%,"$252,325"
339992,Musical Instrument Manufacturing,$191,0.1%,"$249,609",99.9%,"$249,801"
424440,Poultry and Poultry Product Merchant Wholesalers,"$25,021",10.0%,"$224,679",90.0%,"$249,700"
331315,"Aluminum Sheet, Plate, and Foil Manufacturing","$6,254",2.5%,"$241,328",97.5%,"$247,582"
327410,Lime Manufacturing,$0,0.0%,"$246,104",100.0%,"$246,104"
541870,Advertising Material Distribution Services,"$4,853",2.0%,"$238,923",98.0%,"$243,777"
326130,"Laminated Plastics Plate, Sheet (except Packaging), and Shape Manufacturing","$1,439",0.6%,"$242,229",99.4%,"$243,668"
334512,"Automatic Environmental Control Manufacturing for Residential, Commercial, and Appliance Use","$1,730",0.7%,"$241,844",99.3%,"$243,574"
561492,Court Reporting and Stenotype Services,"$19,387",8.0%,"$223,147",92.0%,"$242,534"
812191,Diet and Weight Reducing Centers,"$4,219",1.8%,"$236,335",98.2%,"$240,554"
332215,"Metal Kitchen Cookware, Utensil, Cutlery, and Flatware (except Precious) Manufacturing","$5,247",2.2%,"$234,782",97.8%,"$240,028"
336992,"Military Armored Vehicle, Tank, and Tank Component Manufacturing","$5,916",2.5%,"$233,894",97.5%,"$239,810"
316990,Other Leather and Allied Product Manufacturing,"$4,568",1.9%,"$234,470",98.1%,"$239,039"
711120,Dance Companies,$723,0.3%,"$237,710",99.7%,"$238,433"
712120,Historical Sites,"$4,586",1.9%,"$232,755",98.1%,"$237,341"
611511,Cosmetology and Barber Schools,"$11,079",4.7%,"$224,136",95.3%,"$235,215"
339930,"Doll, Toy, and Game Manufacturing","$7,024",3.0%,"$226,840",97.0%,"$233,864"
334210,Telephone Apparatus Manufacturing,"$1,083",0.5%,"$232,070",99.5%,"$233,153"
532210,Consumer Electronics and Appliances Rental,$684,0.3%,"$230,836",99.7%,"$231,520"
221117,Biomass Electric Power Generation,"$2,330",1.0%,"$227,209",99.0%,"$229,539"
114111,Finfish Fishing,"$5,049",2.2%,"$221,904",97.8%,"$226,953"
445250,Fish and Seafood Retailers,"$15,656",6.9%,"$209,957",93.1%,"$225,613"
325920,Explosives Manufacturing,"$7,712",3.4%,"$217,743",96.6%,"$225,455"
712190,Nature Parks and Other Similar Institutions,"$3,637",1.6%,"$220,496",98.4%,"$224,133"
331221,Rolled Steel Shape Manufacturing,"$3,253",1.5%,"$220,050",98.5%,"$223,303"
561421,Telephone Answering Services,"$6,463",2.9%,"$215,278",97.1%,"$221,741"
711190,Other Performing Arts Companies,"$11,551",5.2%,"$210,095",94.8%,"$221,645"
561622,Locksmiths,"$7,529",3.5%,"$208,716",96.5%,"$216,245"
561613,Armored Car Services,"$1,028",0.5%,"$211,134",99.5%,"$212,162"
311212,Rice Milling,$0,0.0%,"$211,331",100.0%,"$211,331"
212220,Gold Ore and Silver Ore Mining,$473,0.2%,"$210,608",99.8%,"$211,081"
114112,Shellfish Fishing,"$1,654",0.8%,"$207,846",99.2%,"$209,500"
332811,Metal Heat Treating,"$11,071",5.3%,"$197,542",94.7%,"$208,613"
488991,Packing and Crating,"$12,277",5.9%,"$195,581",94.1%,"$207,858"
315990,Apparel Accessories and Other Apparel Manufacturing,"$6,127",3.0%,"$199,829",97.0%,"$205,956"
488999,All Other Support Activities for Transportation,"$5,131",2.6%,"$194,819",97.4%,"$199,950"
902611,Elementary and Secondary Schools (State Government),$0,0.0%,"$199,626",100.0%,"$199,626"
541360,Geophysical Surveying and Mapping Services,"$38,806",19.6%,"$159,279",80.4%,"$198,085"
335131,Residential Electric Lighting Fixture Manufacturing,$960,0.5%,"$197,096",99.5%,"$198,056"
331314,Secondary Smelting and Alloying of Aluminum,$16,0.0%,"$193,252",100.0%,"$193,268"
551111,Offices of Bank Holding Companies,"$9,173",4.8%,"$180,363",95.2%,"$189,535"
333243,"Sawmill, Woodworking, and Paper Machinery Manufacturing",$10,0.0%,"$188,601",100.0%,"$188,611"
512290,Other Sound Recording Industries,"$1,231",0.7%,"$187,116",99.3%,"$188,347"
333515,Cutting Tool and Machine Tool Accessory Manufacturing,"$12,845",6.8%,"$174,860",93.2%,"$187,705"
323117,Books Printing,"$2,034",1.1%,"$183,546",98.9%,"$185,580"
561591,Convention and Visitors Bureaus,$495,0.3%,"$184,588",99.7%,"$185,083"
611692,Automobile Driving Schools,"$70,085",38.3%,"$112,887",61.7%,"$182,972"
331491,"Nonferrous Metal (except Copper and Aluminum) Rolling, Drawing, and Extruding","$5,544",3.1%,"$173,647",96.9%,"$179,191"
332618,Other Fabricated Wire Product Manufacturing,"$1,040",0.6%,"$177,121",99.4%,"$178,161"
532282,Video Tape and Disc Rental,"$132,219",74.3%,"$45,772",25.7%,"$177,991"
325992,"Photographic Film, Paper, Plate, Chemical, and Copy Toner Manufacturing","$14,373",8.2%,"$160,358",91.8%,"$174,731"
336415,Guided Missile and Space Vehicle Propulsion Unit and Propulsion Unit Parts Manufacturing,$325,0.2%,"$169,626",99.8%,"$169,951"
334417,Electronic Connector Manufacturing,$22,0.0%,"$167,056",100.0%,"$167,078"
541340,Drafting Services,"$11,366",6.8%,"$155,337",93.2%,"$166,703"
487210,"Scenic and Sightseeing Transportation, Water",$298,0.2%,"$166,376",99.8%,"$166,674"
326212,Tire Retreading,$536,0.3%,"$164,930",99.7%,"$165,467"
326220,Rubber and Plastics Hoses and Belting Manufacturing,$571,0.3%,"$162,654",99.7%,"$163,225"
331410,Nonferrous Metal (except Aluminum) Smelting and Refining,"$1,627",1.0%,"$160,647",99.0%,"$162,274"
313110,"Fiber, Yarn, and Thread Mills",$59,0.0%,"$161,246",100.0%,"$161,305"
561431,Private Mail Centers,"$4,515",2.9%,"$153,121",97.1%,"$157,636"
334412,Bare Printed Circuit Board Manufacturing,$208,0.1%,"$156,452",99.9%,"$156,660"
331511,Iron Foundries,"$4,278",2.7%,"$152,382",97.3%,"$156,660"
488310,Port and Harbor Operations,"$1,327",0.8%,"$155,197",99.2%,"$156,524"
339994,"Broom, Brush, and Mop Manufacturing",$0,0.0%,"$156,065",100.0%,"$156,065"
611630,Language Schools,"$1,018",0.7%,"$154,564",99.3%,"$155,582"
325130,Synthetic Dye and Pigment Manufacturing,$0,0.0%,"$154,715",100.0%,"$154,715"
519210,Libraries and Archives,$453,0.3%,"$152,823",99.7%,"$153,276"
486910,Pipeline Transportation of Refined Petroleum Products,"$14,011",9.4%,"$135,726",90.6%,"$149,737"
332919,Other Metal Valve and Pipe Fitting Manufacturing,$0,0.0%,"$148,109",100.0%,"$148,109"
562213,Solid Waste Combustors and Incinerators,"$48,853",33.1%,"$98,643",66.9%,"$147,496"
332111,Iron and Steel Forging,"$1,009",0.7%,"$141,167",99.3%,"$142,176"
333131,Mining Machinery and Equipment Manufacturing,$0,0.0%,"$140,099",100.0%,"$140,099"
115111,Cotton Ginning,$446,0.3%,"$138,428",99.7%,"$138,874"
488390,Other Support Activities for Water Transportation,"$1,089",0.8%,"$136,104",99.2%,"$137,193"
213114,Support Activities for Metal Mining,$332,0.2%,"$135,454",99.8%,"$135,787"
313320,Fabric Coating Mills,"$3,164",2.4%,"$129,952",97.6%,"$133,116"
335991,Carbon and Graphite Product Manufacturing,$50,0.0%,"$130,764",100.0%,"$130,814"
332114,Custom Roll Forming,$376,0.3%,"$127,229",99.7%,"$127,606"
333994,Industrial Process Furnace and Oven Manufacturing,$0,0.0%,"$126,725",100.0%,"$126,725"
334610,Manufacturing and Reproducing Magnetic and Optical Media,"$1,714",1.4%,"$123,021",98.6%,"$124,735"
331492,"Secondary Smelting, Refining, and Alloying of Nonferrous Metal (except Copper and Aluminum)","$4,514",3.7%,"$117,129",96.3%,"$121,643"
811411,Home and Garden Equipment Repair and Maintenance,"$34,072",28.6%,"$85,180",71.4%,"$119,252"
332613,Spring Manufacturing,$0,0.0%,"$118,715",100.0%,"$118,715"
213113,Support Activities for Coal Mining,$404,0.4%,"$113,358",99.6%,"$113,762"
221116,Geothermal Electric Power Generation,$0,0.0%,"$110,843",100.0%,"$110,843"
339993,"Fastener, Button, Needle, and Pin Manufacturing","$1,799",1.7%,"$106,732",98.3%,"$108,531"
333519,Rolling Mill and Other Metalworking Machinery Manufacturing,$45,0.0%,"$107,983",100.0%,"$108,028"
423520,Coal and Other Mineral and Ore Merchant Wholesalers,"$24,279",22.8%,"$82,305",77.2%,"$106,585"
325212,Synthetic Rubber Manufacturing,"$1,275",1.2%,"$104,543",98.8%,"$105,817"
532281,Formal Wear and Costume Rental,"$10,286",9.8%,"$95,089",90.2%,"$105,375"
325910,Printing Ink Manufacturing,$265,0.3%,"$104,688",99.7%,"$104,953"
333996,Fluid Power Pump and Motor Manufacturing,$277,0.3%,"$104,486",99.7%,"$104,763"
493130,Farm Product Warehousing and Storage,"$30,763",31.4%,"$67,104",68.6%,"$97,867"
485111,Mixed Mode Transit Systems,$518,0.5%,"$95,920",99.5%,"$96,437"
812921,Photofinishing Laboratories (except One-Hour),"$19,990",21.3%,"$73,956",78.7%,"$93,946"
334416,"Capacitor, Resistor, Coil, Transformer, and Other Inductor Manufacturing",$83,0.1%,"$89,736",99.9%,"$89,819"
313220,Narrow Fabric Mills and Schiffli Machine Embroidery,"$2,139",2.4%,"$86,923",97.6%,"$89,062"
323120,Support Activities for Printing,"$1,314",1.6%,"$82,919",98.4%,"$84,233"
487110,"Scenic and Sightseeing Transportation, Land","$3,649",4.3%,"$80,323",95.7%,"$83,972"
336419,Other Guided Missile and Space Vehicle Parts and Auxiliary Equipment Manufacturing,$9,0.0%,"$83,782",100.0%,"$83,791"
331222,Steel Wire Drawing,"$2,361",2.8%,"$81,358",97.2%,"$83,719"
315120,Apparel Knitting Mills,$21,0.0%,"$80,699",100.0%,"$80,720"
221330,Steam and Air-Conditioning Supply,"$3,059",3.8%,"$77,660",96.2%,"$80,718"
316110,Leather and Hide Tanning and Finishing,$70,0.1%,"$80,338",99.9%,"$80,408"
512199,Other Motion Picture and Video Industries,$918,1.2%,"$78,141",98.8%,"$79,059"
561491,Repossession Services,"$71,540",94.5%,"$4,155",5.5%,"$75,694"
314994,"Rope, Cordage, Twine, Tire Cord, and Tire Fabric Mills","$21,543",28.5%,"$54,027",71.5%,"$75,570"
331523,Nonferrous Metal Die-Casting Foundries,$505,0.7%,"$70,210",99.3%,"$70,715"
114210,Hunting and Trapping,$964,1.4%,"$69,680",98.6%,"$70,644"
213115,Support Activities for Nonmetallic Minerals (except Fuels) Mining,$415,0.6%,"$69,291",99.4%,"$69,706"
333995,Fluid Power Cylinder and Actuator Manufacturing,$0,0.0%,"$68,414",100.0%,"$68,414"
313240,Knit Fabric Mills,$0,0.0%,"$64,725",100.0%,"$64,725"
311213,Malt Manufacturing,$0,0.0%,"$63,541",100.0%,"$63,541"
332991,Ball and Roller Bearing Manufacturing,$14,0.0%,"$58,626",100.0%,"$58,640"
212290,Other Metal Ore Mining,$0,0.0%,"$58,202",100.0%,"$58,202"
333613,Mechanical Power Transmission Equipment Manufacturing,$709,1.2%,"$57,307",98.8%,"$58,015"
212210,Iron Ore Mining,$0,0.0%,"$56,756",100.0%,"$56,756"
513191,Greeting Card Publishers,$239,0.4%,"$55,840",99.6%,"$56,079"
611410,Business and Secretarial Schools,$376,0.7%,"$54,131",99.3%,"$54,507"
331524,Aluminum Foundries (except Die-Casting),$0,0.0%,"$53,859",100.0%,"$53,859"
339995,Burial Casket Manufacturing,$0,0.0%,"$53,785",100.0%,"$53,785"
332112,Nonferrous Forging,$0,0.0%,"$53,407",100.0%,"$53,407"
331313,Alumina Refining and Primary Aluminum Production,$48,0.1%,"$50,711",99.9%,"$50,759"
331529,Other Nonferrous Metal Foundries (except Die-Casting),$0,0.0%,"$50,529",100.0%,"$50,529"
332117,Powder Metallurgy Part Manufacturing,$0,0.0%,"$49,661",100.0%,"$49,661"
322110,Pulp Mills,$989,2.0%,"$48,476",98.0%,"$49,465"
331512,Steel Investment Foundries,$0,0.0%,"$45,915",100.0%,"$45,915"
331513,Steel Foundries (except Investment),"$1,577",3.5%,"$44,024",96.5%,"$45,602"
902619,All Other Schools and Educational Support Services (State Government),$14,0.0%,"$39,656",100.0%,"$39,670"
811430,Footwear and Leather Goods Repair,"$9,765",27.8%,"$25,321",72.2%,"$35,085"
485119,Other Urban Transit Systems,"$5,803",19.1%,"$24,650",80.9%,"$30,453"
488111,Air Traffic Control,"$29,413",97.6%,$712,2.4%,"$30,125"
487990,"Scenic and Sightseeing Transportation, Other","$27,365",92.1%,"$2,343",7.9%,"$29,708"
486990,All Other Pipeline Transportation,"$1,820",6.7%,"$25,157",93.3%,"$26,977"
114119,Other Marine Fishing,$82,0.3%,"$25,791",99.7%,"$25,873"
113110,Timber Tract Operations,$31,0.1%,"$24,659",99.9%,"$24,690"
485112,Commuter Rail Systems,$0,0.0%,"$23,392",100.0%,"$23,392"
512132,Drive-In Motion Picture Theaters,$489,2.7%,"$17,641",97.3%,"$18,130"
333612,"Speed Changer, Industrial High-Speed Drive, and Gear Manufacturing",$0,0.0%,"$16,054",100.0%,"$16,054"
113210,Forest Nurseries and Gathering of Forest Products,$388,3.4%,"$10,929",96.6%,"$11,316"
491110,Postal Service,$218,2.8%,"$7,623",97.2%,"$7,841"
812922,One-Hour Photofinishing,"$1,765",22.8%,"$5,973",77.2%,"$7,738"
,,"$754,852,224",17.2%,"$3,645,936,276",82.8%,"$4,400,788,500"
